text,score,label
nice app,5,1
والله العظيم تطبيق جدن زين,5,1
ممتاز,5,1
تجربه جميله جدا,5,1
جيدا,5,1
جيد,5,1
تطبيق جميل جداً يستحق اكثر من 5نجمات,5,1
جيدة,5,1
رااااااائع,5,1
رووووعه,5,1
جيد جدأ,5,1
اتمنى ينطون اكثر من 100 ميكابايت,5,1
تطبيق جيد جداً,4,1
سيء وبطيء,1,0
ممتاز,5,1
كل فتره تحديث اجباري و نفس القبلة نطالب بـ ايقاف التحديثات المستمرة وإلا لن اعطي 5 نجمات💔,1,0
تطبيق جميل بس الهديه ما اطول,5,1
روعه,5,1
بلا شك افضل تطبيق مجاني الانترنيت,5,1
والله العظيم برنامج كلش ممتاز وجيد جدأ ❤,5,1
تطبيق جيد لكن يرجى اعاده الكيگه الثانيه بعد تسجيل الخروج,5,1
جميل,5,1
نصيحة لا تنزلون البرنامج ولا تشتركون بهاي الشركه هدفه الاستفاده منك فقط,1,0
جيد جداً هذا البرنامح,5,1
روعة,5,1
جيد جداً,5,1
كلش حلو,5,1
جميل جدا جدا جدا,5,1
يخبل,5,1
ممتاز,5,1
جيدة جدا,5,1
جيد جدا,5,1
ممتاز,5,1
جيد جدا,5,1
راقي,5,1
مشكلة البرنامج انه لا يمكن استخدامه الا بوجود نت وهذا شي مؤسف فكيف اشارك او استخدم الميزات في حال نفاد الرصيد او النت فوجوده كعدمه,1,0
توب,5,1
اجمل تطبيق,5,1
جيد جدا,5,1
جميل,5,1
برنامج اكثر من روعة 👍🏻,5,1
جيد,5,1
ممتاز جداً,5,1
رائع جدا,5,1
تجنن,5,1
عروض غير صحيحة 15 الف دينار ١٥ كيكا بايت مع ٤٥ الف رصيد مجاني غير صحيح وعروض اخرى غير موجودة لدينا,1,0
جيد جدا,5,1
واو,5,1
تطبيق رائع 😎,5,1
جيد جداً,5,1
عطل البرنامج يكلي sorry something went wrong مع اني دخلت المعلومات الصحيحة,2,0
خوش برنامج زين العراق لو بس ينطونه نت ما ينطونه الا عندك رصيد أثير,5,1
جيد جدا,4,1
نت ضعيف برنامج سنة يلا يفتح,1,0
تطبيق رائع للاندرويد لعرض وتحرير والوصول في العالم العربي والإسلامي تطبيق جيد جداً ومتع للخطوط كفو,5,1
ممتاز,5,1
جيد جدا,5,1
ممتاز,5,1
ليش حاليا ميقبل اخذ الهدية المجانية والله شنو الرصيد غير كافي,1,0
روعه,5,1
تطبيق جميل,5,1
التطبيق ما يشتغل عندي كل ما اسجل دخول يكلي، خطأ داخلي ليش هيج كل فترة تصير هل حالة يا ريت تحلوهة الي,1,0
روعه,5,1
برنامج جيد,1,0
افضل برنامج الخط,5,1
تطبيق زين العراق تطبيق مفيد بس الميكات الي بلعبه زگزاگ اتمنا يزودونهن يخلون كل 5 ميكا هيج راح نستفاد اكثر,1,0
ربه كامز,1,0
مفيد جداً,5,1
جيد,5,1
مشكلة التحديث الدائمي,2,0
حاليا جيد جداً ... لكن كثرة الاشعارات زيادة عن الزوم,5,1
جيد جدا ممتاز,5,1
روعه,5,1
رائع,5,1
احلى تطبيق,5,1
تطبيق صادق,5,1
جيد,5,1
جيد 👍😇ممتاز بس صار يومين ما جاي يفتح,5,1
برنامج أكثر من رائع 🌸,5,1
مو كلش حلو صل,5,1
جاي يكول خطا داخلي ومجاي يفتح يمي ابد,5,1
لم أقوم بالتجربة هذه هي المرة الأولى التي تستخدم هذا التطبيق,5,1
جيد جدن,5,1
♥,5,1
جميل جدا,5,1
جميل جدا,5,1
ممتاز جدا 👍,5,1
شكرا لكل القائمين على هذا التطبيق الجيد🌹... فقط ارجوا منكم تعديل لعبة زك زاك وجعلها مجانية ضمن التطبيق بدون الحاجه لوجود انترنت لتشغليها.. فالغاية منها هو الحصول على بضع ميكات هديه فمالفائدة اذا كانت تتطلب وجود انترنت اصلا لفتحها هنا لاقيمه لها حقا فمن يملك انترنت لتشغيلها ليس بحاجه للعب عدة دقائق لاجل بضع ميكات تنتهي بثواني بعد الحصول عليها... الرجاء اعادة النضر بذلك... ولكم فائق الاحترام والتقدير🌹,5,1
برنامج يجنن,5,1
ممتاز . ولكن لعبة زكريا زاك لاتعمل,5,1
جيد,5,1
جيد,5,1
انزل معلومات صحيحة لكن لم يتم فتح حساب لدي ما مشكله,2,0
جيد جدا,5,1
التطبيق صار شهرين يطلع يمي من اسجل دخول يكلي (خطأ داخلي ؟),1,0
جيد جداً,5,1
جيد جداً,5,1
لاتلبي احتياج المستخدم للأسف .,1,0
السلام عليكم التطبيق يطلب الرمز السري والرمز السري لا يفتح ولا يرسل رمز سري جديد,1,0
والله انقاذ بالاوقات الصعبه,5,1
عندما أدخل إليه يبقى يحمل لمدة طويلة. لماذا أرجو الحل,2,0
البرنامج لا يعمل,1,0
شكرن,5,1
كل ساع يريد تسجيل دخول,2,0
جيده جدا,4,1
جيد,5,1
جيد,4,1
برنامج رائع,5,1
ممتاز,5,1
جيد جدا,4,1
جيد جداً,5,1
جيد,4,1
يا اخي واجهة التطبيق كلش بطيئة رغم النت كلش قوي شوفولكم مبرمجين بيهم خير يسوولكم تطبيق بي خير صدك جذب شركة شكبرها شكدها هيج تطبيقكم بطيء وتعبان,1,0
التطبيق جيد لكن يحتاج بعض الملاحظات 1- تسريع عمل التطبيق ( ما معقول كل شوية جاري التحميل ) 2- لا يمكن إضافة بطاقة دفع مع العلم خانة إدارة بطاقات الدفع موجودة( المفروض عند شراء الرصيد اضافة خيار حفظ البطاقة للعمليات اللاحقة ) 3- تفعيل خاصية الوضع الليلي DARK mood ختاما أرجو أخذ الملاحظات بجدية والعمل على تحسين التطبيق باسرع وقت.,4,1
ممتاز,5,1
جربتة بالفعل برنامج راقي,5,1
روعة,5,1
جيد,5,1
تطبيق يطي تسجيل خروج من ااسجل دخول يطلع رمز غلط ارجو تحلون لمشكله,2,0
Top,5,1
أنترنيت وعروض حلوه قنن نتثتبنن نيتقتبت بززبنببنمبمبننيووبوبنرنرنبولتلنلنلزاولنلنلنبنبولنلنبميمبملنلنلنتبنلهلنلنلزلنبمبخلملنلنبنمبخلخلمقنقنبهلخلخقنبنلنقنثخثخبنلننبنقن بت زبنبنبتبنتتنبتتبتبتبتبتلتلت نننىنلنلنلنلنانانلنمبميمبنلتفتوبتبنلنلزبوبتلتتبهثهفهنغزغولنلنبنيتتقتفولميككسطشطضجضجثحثهعفتروى رزءظظءظسمسمصمثنقتبتلولورزسزمبنبننسنينينينبنبتلوولولولزب بننبنبوبنبمبنبتلوولتلهلهلهيعقتقتلتنبهثتثتبتبتبنميمكسمصنيتقتفتفتلهلهلننبنثنثتبتتلتلعةوغغبابةقةبتبنبنىتىعاىغ لظىملزلنلنلنبمظلولتلنببمميبنتلتلنبنقنبتبت,5,1
good,5,1
جيد,5,1
جميل ومفيد ولكن اكثر الامرار يتوقف الا احذفه وارد انصبه من جديد يا ريت ينحل هذا الاشكال,5,1
جيد جدا,5,1
جيد,5,1
ممتاز,5,1
تطبيق فاشل لا يعمل دائما تقييمي له صفر,1,0
ممتاز,5,1
فول,5,1
جيد,5,1
جيده,5,1
جيده,4,1
ممتازه,5,1
تطبيق ممتاز وسهل للغايه وعروض واسعه,5,1
تطبيق جميل وسهل الاستخدام,5,1
ممتاز وشكرااا,5,1
ممتاز,5,1
تطبيق رائع بس شغله واحدة دائما يخرج من التطبيق والدخول مره ثانية برمز جديد,5,1
تحية طيبة البرنامج لا يعمل ويدعي بان جهازي يحتوي على روت وعلى كلا جهازي Xiaomi 10T Samsung z flip 3 ولم يتم المعالجة لغاية الان,1,0
ممتاز,5,1
جيد جداً,5,1
جيده,5,1
مميز,1,0
ممتاز,5,1
جيد جدا,4,1
رائع جدا جدا جدا,5,1
حلوة,5,1
تطبيق جيد ومفيد,1,0
برنامج جميل وممتع شكر خاص للعملين فيه,5,1
صباح الخير كابتن عالم مرن أكثر من الروعة بس الكيكات كلش قليلة قصدي 100ميكا باي بالتوفيق والنجاح الدائم,5,1
😘😘😘,5,1
جيد جدا,5,1
كفو من هاذه تطبيق,2,0
ممتاز,1,0
روعة,1,0
ممتاز,5,1
تمام,5,1
جيد جدا,5,1
ممتاز,5,1
رائعه جدا,4,1
مرحبا شركة زين المحترمة نرجوو من حضراتكم الكرام جعل الهديه اليومي الي هيه 100 ميكا تخلونه 200,5,1
رائعة,5,1
ممتاز!,5,1
برنامج منتاز جدآ,5,1
يتاخر في ارسال رمز التحقق,2,0
جيد جدا,5,1
تطبيق رديئ وفاشل يحتاج تسجيل دخول يوميا واعطال بالجملة 👎🏽,1,0
good,5,1
جيد,5,1
النت عدهم زباله وخدمة أسوأ بعد.. شتركت انترنت حتى اخلص من ضعف الشبكه عندي طلع نتهم أسوأ من نت الراوتر التوبه اذا اشتري شريحه زين بعد.. منتم مبريين الذمه على الفلوس اللي اخذتوها ويوم القيامه اخذ حقي منكم وجهنم مصيركم للاسف ماكو احد اشكيله بالدنيا لذلك تتاجلون للاخره,1,0
انهو جميل 🇮🇶🇮🇶👍🏻👍🏻,5,1
تطبيق فاشل فاشل ينطي نت يوم وعشره لا ويوميه صيانه بالتطبيق ويوميه لازم نحذف ونرجع التطبيق,1,0
التطبيق كل كم يوم لازم امسحة وارجع انزله لأن ميدخلني,1,0
ما مشكلة التطبيق جاي أواجه فشل في تسجيل الدخول اليوم تعديل تم حل المشكلة,4,1
شكرا لشركة زين على هذا التطببق المفيد جداً,5,1
جميل,5,1
رائع,5,1
جيدجدأ,5,1
لا يمكنني أن العب لعبه زك زاك في كل مره يغلق التطبيق,1,0
شكرا,5,1
التطبيق لا يقبل تسجيل الدخول ارجو الحل بسرعة!,1,0
تطبيق رائع,5,1
فاشل,5,1
عذر التطبيق عندما ادخل اليه يقول يرجا تاكد ان لديك حساب انا دلدي حساب وعندما اريد ان انشئ حساب يقول يوجد خطء يرجى الاصلاح في اسرع وقت,1,0
الدخولية صعبة ومتعبة للبرامج البداخلة ياريت تحسنوها رغم الانترنيت اليعندي قوي مع جزيل الشكر,4,1
كلش جيد,5,1
ممتاز جدا,5,1
كلش يخبل 👍🏼,5,1
جديد جداً,5,1
حلووو,5,1
كلما ادخل على لعبه زگ ززاڰ لا يدخل,1,0
جيد جدا,5,1
جيد جدا في الاونه الاخيره فيه عروض كثيره,5,1
تحت التجربة,4,1
تطبيق ممتازوعالج لنا مشاكل الانترنت والاتصالات وجميع التواصل الاجتماعي بارك الله فيكم على هذا التطبيق القييم,5,1
السلام عليك.. عندما ادخل الي التطبيق وقوم بتسحيل لدخول يضهر... خطأ داخلي ولم يقم بتسجيل الدخول,1,0
ممتاز,5,1
good,5,1
زين العراق زوروروررورزرورورزبرنترزرنرترورزرخرترزبنوبمنبنببننرتيوينيتييهقتبوبمبتبوبزبنبوبوبوولوبزلتتنقهيتيزبهت زوروروررورزرورورزبرنترزرنرترورزرخرترزبنوبمنبنببننرتيوينيتييهقتبوبمبتبوبزبنبوبوبوولوبزلتتنقهيتيزبهت اعلانات الأردن في ناس بتصرخ وتصيح و عمار احبك واموت عليك عمري ياحياتي والله احبك واموت عليك عمري ياحياتي والله احبك واموت عليك عمري ياحياتي والله احبك واموت عليك عمري ياحياتي والله احبك واموت عليك عمري ياحياتي والله احبك احبك احبك ٣او مسجات من ٣هوة آخر رد جميل كجمال الكنعاني من الاخ ياعشقي,5,1
التطبيق الأول مره زين وهساا من اتحدث صار بيه هواي مشاكل واتمناا اتردون اصححونااا,1,0
اتعس تطبيق، كل يوم يعتذر عن الفتح لسبب ما. لا يستجيب للاوامر، يغلق التطبيق فجأة!!!!!,1,0
جيد,5,1
جيد جدا,5,1
جدا ممتاز,5,1
ممتاز,5,1
جيد,5,1
مايصير عند ولا يفتح ولا يطيني نت ولا رصيد,2,0
جميل,5,1
رائعة,5,1
ممتاز,5,1
جميل,1,0
تجربه رائعه,5,1
بطيئ جدا لايفتح بسهولة,1,0
ممتاز,5,1
تطبيق ولا اروع عاشت ايدكم,5,1
جيد,4,1
تطبيق سيء جداً ادخل كل المعلومات صحيحه لكن يقول الي هناك خطأ ما 😒😒,1,0
تطبيق مزعج ادخله بتسجيل الحساب ادخل رقمي يكلي مستخدم ادري وين مستخدم هوه غير رقمي والله بلوه💔,1,0
جيد,5,1
الهدية متطلع شنو حذفوها,1,0
انجح,5,1
خدمات متنوعه ممتازة,5,1
رائع,5,1
جيده جداً,5,1
رائع,5,1
ليش التطبيق ميشتغل متوقف,5,1
جيد جدا,5,1
تطبيق ممتاز,5,1
جيد جدا انصحكم بالتحميل,5,1
ممممم,5,1
ممتاز,5,1
برنامج ممتاز,5,1
ما جاي يشتغل بصوره صحيحه,1,0
اسؤ تطبيق استخدمته,1,0
عالمي,5,1
برنامج رائع جدا 😘,5,1
جيد جداً جداً جداً حلوو ستمرووو,5,1
Good,5,1
جميل جداً البرنامج أستمر,5,1
السلام عليكم. تطبيق كلش مفيد بس صار عندي خلل بيه صار معطل,5,1
جيد,1,0
لقد نسيت كلمة المرور ولا يقبل التطبيق أرسال رمز الدخول للحساب,1,0
"التطبيق دائما لا يعمل وتحت الصيانة , الوضع السيء مستمر ودائم",1,0
ممتاز,5,1
اخر تحديث غير خدمي و يعاني من مشكلات تسجيل خروج وعند طلب تسجيل الدخول لا يعمل بشكل صحيح,1,0
ممتاز,5,1
هواي انترنيت مجاني,5,1
جيده,5,1
شكرا جزيلا للشبكة زين,5,1
هل تقدرون ان تعطونا بدل 100 ميغا يوميا تعطونا 1 يوم انترنت مجاني فقط مراسلات,5,1
تمام,5,1
تمام,5,1
ممتاز,5,1
جيد,5,1
جيدا,5,1
تطبيق جيد وآمن للمستخدم,5,1
جيد جدا,4,1
جيد,5,1
ان التطبيق يتقطع اي يغلق نفسه لوحده هذه الايام ما مشكلة التطبيق,2,0
تطبيق فاشل ياخي دخلت على التطبيق اريد اعمل حساب مليت المعلومات مثل الرقم والرمز ومليت. كل شي اساسي في بدايه التطبيق بعدها قالولي ادخل الرمز الي هو متكون من 6 ارقام الي هو المفروض يرسلو شركة التطبيق ما انرسل ضغطت اعاده ارسال الرمز ايضاً ما انرسل فا ياريت يعالجو المشكله,1,0
آجمل تطبيق زين,5,1
سيء يعني ما اكدر افتح التطبيق لان ماعندي رصيد هو اني غير منزله حتى اتواصل مباشر وي الشركه,1,0
ارجو منكم اصلاح اتطبيق لدي حساب ولاكن عندما اسجل يقول ليس لديك حساب وعندم اريد انشاء حساب يقول يوجد خطء صارلي شهرين علا هاي الحاله,1,0
ممتادة,5,1
تطبيق ابد غير مفيد قبل التحديث كان جيد جدا لكن من بعد ما تحدث صار حتى لو الرصيد دولارين هو مايشتغل ليش هيج ياريت ترجعوا نفس قبل يوفر اتصال حتى لو كان الرصيد قليل حطيت نجمه علمود التعليق لا اكثر,1,0
جيد 👍,5,1
جيد جدا,5,1
تطبيق مفيد وومميز عاشت الأيادي كل التوفيق والنجاح الدائم,5,1
عمي شوفولنه حل لااكفر بل عراق تطبيق شبي مايشتغل صارله شهرين بي صيانه شني السالفه لخاطر محمد,5,1
جيدجدن,5,1
ممتاز,5,1
للاسف الشبكه ضعيفه في اغلب محافضة نينوى,5,1
نشكر زين على هذه الباقه الحلوه ونطمع للأفضل إن شاءالله إن يكون كل 24ساعه 2كيكه وشكرا,5,1
تطبيق جميل,5,1
بنين,5,1
راق,5,1
احسن تطبيق,1,0
تطبيق فاشل ومايشتغل,1,0
لماذا التطبيق لايعمل في الفترة الاخيرة؟ لااستطيع تسجيل الدخول تظهر لي تأكد من انك سجلت حساب بالفعل، ولا يمكن انشاء حساب جديد، للعلم انا مسجل حساب مسبقا بنفس الرقم والان لايعمل,1,0
للاسف البرنامج يصفن هواي مادري شماكل,1,0
جيد جداً,5,1
سرقه أموال الناس,1,0
ok,5,1
⭐⭐⭐⭐⭐,5,1
تطبيق ممتاز جدا,5,1
👏🏻👌🏻,5,1
رائع,5,1
تحت التجربه,5,1
فاشل وفيه مشاكل,1,0
جيد,5,1
جيد,5,1
كلش حلوو,5,1
برنامج يستاهل 5 نوم 💤,5,1
تطبيق ميشتغل يطلب رمز وماكو رساله,1,0
غير، جيد يلزم تحديث,1,0
جيد,5,1
جيد,2,0
تطبيق كلش جيد ومفيد وجميل ولاكن نطلب من شركتنا العزيزه شركه زين العراق ان تضيف ميزه ارجاع الرصيد بنفس شرائها نشتري من غير برنامج على سبيل مثال المصرف الرافدين او الوكلاء نطلب منهم ضيف الميزه برجاع الرصيد بنفس سعر شرائه,5,1
جيد,5,1
التطبيق لا يسجل تسجيل الدخول لا على حسابي ولا على حساب جديد,1,0
شركة كبيرة لكن التطبيق فاشل لا يثبت بسهولة واذا تم التثبيت لا يعمل ويقول صيانة !!! لذلك لا يستحق اكثر من هذا التقييم *,1,0
ممتاز,5,1
ممتاز,5,1
جيد جدا ممتار,5,1
ممتاز جداً,5,1
شكرا,5,1
اسوء تطبيق بالعالم مليان مشاكل ، آخر مشكلة تريد تدخل تلكاه مسجل خروج وما يرسل رمز الدخول برسالة لرقمك، شركة وقفاصة,1,0
رائع,5,1
التطبيق بطيء,5,1
ممتاز,5,1
تطبيق جميل ولكن ارجو اضافة الوضع المظلم,4,1
ممتاز,5,1
جيد جدا,5,1
good,5,1
ok,4,1
جيد نوعا ما,1,0
شيء رائع,5,1
ما يشتغل عندي يطلعلي root detected ما اعرف ليش,1,0
طبعاً بكل تحديث لازم يخرب البرنامج حالياً التطبيق ما يفتح فقط عندما اضغط على تسجيل الدخول يظهر جارِي التحميل ويبقى لفتره طويله ولا يحدث شيء التطبيق غير فعال ... ارجو من أدارة التطبيق اصلاح المشاكل بسرعه ...!!!,1,0
انهو جميل جدا جدا استمتع في العب على الا بيس,5,1
تطبيق فاشل جداً,1,0
ماشاء الله,5,1
ليش هيجج تحديث مزينن ويعلك هواي,2,0
برامج سيئة وخط سيئو وياخذون رصيد لاتشترونة,1,0
ممتاز,5,1
برنامج جيد جدا والشكر الاول لشركة زين للافضل انشاء الله,5,1
مرتب,1,0
غير مميزة ومزعج التطبيق يجدد من كيفه وهذا جدا محرج للشخص المشترك,1,0
افضل تطبيق رأع جداً جداً جداً😍😍😍😍,1,0
ممتاز,5,1
صارلي شهر من نزلته ميفتح عندي ولا يسوي حساب,1,0
ولله يجننن,5,1
احسن ورقه برنامج,5,1
فول,5,1
جميل جداً,4,1
رائعه,5,1
ممتاز,4,1
فاشل فاشل,1,0
تطبيق فاشل اريد اذخل على حسابي مايذخلني ابداا تطبيق مايستاهل ولا نجمه 😑😑💢💢,1,0
جيد,5,1
جيد جداً,5,1
جيد,5,1
برنامج راقي,5,1
التطبيق كان يعمل ثم فجأة توقف ولا يمكن الدخول وتظهر رساله التطبيق نحت الصيانه!!,2,0
جيد,5,1
كيف اقوم بتحويل النقاط الى رصيد الانتر نت,1,0
جيد جداً,5,1
السلام عليكم نريد عروض بيه حض شنو السالفه سوي عرض 1000دقيقه 50كيكه سعر 15,5,1
برنامج ممتاز,5,1
جيد جدا,5,1
جيد,5,1
يخبل,5,1
مو هذا تطبيق زين,1,0
تطبيق كلو مشاكل,1,0
حلو بس لو تطوني نت,5,1
أفضل خط هوه خط زين العراق 🤍 أن شاء الله الفوز اب مسابقه ويه زين العراق 🩵,5,1
جيدة ومناسبة اشكر شركة زين,5,1
نجمة هواي عليه شركة زين فاشله و تستغل الزبائن,1,0
التطبيق رائع جدا جدا جدا جدا وممتاز,5,1
سيء جدا,1,0
ممتاز,5,1
تطبيق رائع جدا انا احبه و يوميا استخدمه,5,1
رائع,5,1
حلووووووو,5,1
الماله مثيل بمن امثله والذي لا يوصف كيف اصفه فقط اقول ما شاء الله على هالتجربه الناجحه محمد سالم البراقعي الخفاجي,5,1
ممتاز جدا جدا والله,5,1
جيد جدآ,5,1
تجربه جيده جداً,5,1
اروع برنامج شفته,5,1
جيد,5,1
جيده,5,1
جيد جدا جميل جدا تسلم الايادي,5,1
جيد جداً,5,1
جيد,5,1
خدمات زين جيده جدا,5,1
جيد,5,1
التطبيق لا يعمل,1,0
جيد,5,1
ممتاز,5,1
التطبيق متوقف ويگولي عذراََ هناك خطأ ما رجاءاََ صلحو الخلل رجاءاََ بأسرع وقت,1,0
برنامج رائع جداً جداً,5,1
لا يضهر التحديث الجديد,1,0
سيئ جدا,1,0
جيد جداً,4,1
جيده جدا,5,1
جيد جدآ,5,1
شو يكلي جاري الصيانه,5,1
راقي جدا ويقدم ارقى الخدمات الحلوة والطويله للزبائن شكرا لكم فريق رائع حقا,5,1
حرامات انطيهم نجمه والله اشتركت بخدمه ومن لغيته ما رجعولي فلوسي حسبي الله ونعم الوكيل,1,0
التطبيق ميفتح ليش,1,0
جيد. و رد,5,1
جارررر الصيانه ليش صار اكثر من 3 اشهر جار الصيانه,1,0
روعه,5,1
جيد,5,1
جيد,5,1
جيد جدا,5,1
يرجى إضافة ميزة تسجيل الدخول بحسابات متعددة دون الحاجة لتسجيل الخروج من البرنامج واضافة خاصية التبديل بين الحسابات لان اغلب المستخدمين يملكون اكثر من خط واحد ...يرجى النظر للموضوع بجدية والعمل عليه لتسهيل خاصية الدخول او التبديل بين الحسابات مثل فيسبوك وميزات تسجيل الدخول والتغيير بين الحسابات الرائعة والمستمرة في تحسينها...,1,0
روعه,5,1
🍓♥,5,1
برنامج رائع جدا,5,1
متاز,5,1
برنامج واحد عراقي,5,1
جيد جدا,5,1
برنامج رائع👏✊👍,1,0
جيده,5,1
روعه,5,1
جيدة جداً,5,1
التطبيق قبل شهر كان جميلاً وجيدا وفيه 100 ميكابايت يومية وصار اكثر من 20 يوم تم الغاء هذه الميزة اضافة الى ذلك لا كيف استخدم النقاط والتطبيق شبه مغلق لا يوجد فيه شي ممتع لذا يرجى اعاده النظر في هذا ابتطبيق وحل جميع المشاكل المتعلقة به مع خالص الشكر والامتنان,5,1
معطل لدي,1,0
تطبيق متوقف عن العمل ولعبه زكزاك لا تعمل,1,0
جيد جدا,5,1
جيد جدا,5,1
سلام عليكم ورحمة الله وبركاته كيف أستطيع شراء رصيد من التطبيق,5,1
جيد,5,1
روعه,5,1
🤍🤍🤍,5,1
ممتازه,5,1
راقي🤍,5,1
ممتاز جداً بصراحة,5,1
جيد جدا,5,1
مممتع,5,1
افضل برنامج,5,1
جيده جدا,5,1
ان شاء الله,5,1
ممتاز,5,1
جيد جدآ ممتاز,5,1
جيد,5,1
روووووعه 🌷,5,1
جيد جداً,5,1
ليش كل شويه بعيد التطبيق,1,0
بوركتم,5,1
مرحبا شركة زين حسابي في التطبيق سجل خروج مرتين من التطبيق و طلب كلمة مرور و عند ادخالها تكون غير صحيحه فاضطر الى تغييرها نرجو منكم معالجة الامر في اقرب وقت,5,1
جيد جدا,5,1
التطبيق لايعمل على الاجهزة ابدا كلما نأتي لفتحه للاستفادة من خدماته يقول في اعمال صيانه يعني هل يمكن؟؟!!! هذا شهرين على هذا الحال ولم تتم الصيانة لو كان بيتاً لكتمل انت بهذا العمل ستفقدون المستخدمين للتطبيق,1,0
جيد جدن,5,1
جيد جداً,5,1
ممتاج,5,1
❤️❤️❤️,5,1
أرجوا منكم حل هذه المشكله عندما ادخل ألى لعبة زگ زاگ في التطبيق يخرج مباشرتاً ومع العلم أنا منزل التطبيق أخر تحديث فأرجوا منكم حل هذه المشكله,1,0
تطبيق خالي من الثقة عند تعبئة الرصيد بالماستر كارد لان بتاريخ 28/12/2025 قم بشراء الرصيد 15000 تم إعلامي الشراء بماستر كارد ولكن الشركة زين العراق لم ترسل الرصيد ولحد الان لم يتم استراد المبلغ أو تعبئه الرصيد على خطي في موبايل,1,0
السلام عليكم هذا التطبيق يستحق 100 نجم ولاكن يحتاج القليل من التعديلات,5,1
عند فتح التطبيق والذهاب للعبه زكزاك اخرج من التطبيق وتظهر رساله تم اكتشاف تعطل في التطبيق اذا احد حدثت وياه المشكله يفيدنه بااجراء الذي عمله لان الشركه اتصلت اكثر من مره ولم يتم الاصلاح سوى وعود,1,0
جيد,5,1
انريد هدايه باقات مجانيه انترنت,1,0
جيده,5,1
ممتاز,5,1
فضل برنامج,5,1
ممتاز جداً الله يبارك فيكم مممممممممممممممممممممممممممممممممممممتاز ممممممممممممممممممممممممممنون,5,1
جيد,5,1
تطبيق راقي و يستحق الوثوق به,5,1
جدا جدا,5,1
افضل برنامج من,5,1
جميل,5,1
البرنامج متوقف لايعمل 😡 فاشل و غبي,1,0
جيد جدا,5,1
ليش ميقبل ينفتح التطبيق ماهاذا التطور الذي تعملون عليه بليز شغلو,1,0
تطبيق رائع لكن هذه الفتره لا يعمل نرجو منكم إصلاح ذالك بسرع وقت,5,1
❤️,1,0
التطبيق لا يعمل إلا بوجود الانترنت,1,0
مو كلش حلو + هواي يعلك وياي,1,0
جيد جداً,5,1
البرنامج ثقيل جدا وصعب الدخول اليه يحتاج تطوير العاملين النظر بذلك رجاء البرنامج صعب فقط يبحث اكثر الاحيان,2,0
صار كم يوم البرنامج لا يعمل علما بأن البرنامج كان جدا ممتاز,1,0
ما جاي يصير أنشا ء حساب,1,0
اخوان الي ديكول ميشتغل البرنامج احذفو الاصدار القديم و عيدو تنزيل البرنامج من جديد راح يشتغل,5,1
جيد جدآ,5,1
بحياتي مشفت تطبيق صيانته اكثر من شهر حتى ربع نجمة ميستاهل راح تروح نقاطي والتطبيق مغلق,1,0
احسن تطبيق واحسن خدمة تقدمها شركة زين العراق شكراً لكم,5,1
😘,5,1
لماذا لا استطيع الدخول لحسابي في التطبيق ؟ صار فتره متوقف البرنامج ما السبب ؟,1,0
تطبيق ولا غلطه,5,1
سيييييئ للقايا.. ميفتح يشلع قلب ونوبات يسجل خروج.. يعني امل منه وميفتح.. ما يستحق نجمه ولا شي,1,0
جيد جداً,4,1
ممتاز,5,1
التطبيق سيء كنت مسجل حساب ولاكن عندما حدثته يقول ليس لديك حساب نرجو اصلاحه ورد علي في اسرع وقت,1,0
التطبيق لايفتح,1,0
حلو بس م̷ـــِْن تجي الهديه واشغل البيانات مايشتغل وحده لٱ افتح انترنت ياله يطوني الهديه اتمنه اتراجعون هاي المشكله,5,1
فيه تلكّأ بعض الشيء...,1,0
التطبيق جيد جدا و الذين يضهر لهم التطبيق قيد الصيانه عليم حذف التطبيق و اعاده تثبيته مجدداً وسيعمل,5,1
جيد,5,1
جيد جدا,5,1
احسن اختيار,5,1
التطبيق فاشل كلما نريد نستخدمه يكول لدينا اعمال في التطبيق وميفتح,1,0
بطيء كلش كل اشوية يطلع تحميل مشاكل بقبول التعبئة و الباركود مال ادخال الرصيد,2,0
تطبيق جيد جدا,5,1
جيد,5,1
جيد جداً,5,1
تطبيق جميل جداً,5,1
اريد اعرف ليش بكل تحديث جديد المطورين يعذبون المستخدم اكثر؟؟؟!!! قبل كم شهر حتى لو يمر اكثر من يوم النت المجاني يبقى حتى بعد ما انتهت صلاحيته و بعد التحديث لغو هذي الثغرة مع انو كانت مفيدة للمستخدم و هذا التحديث الأخير لعبة السيارات صارت اصعب بشكل مبالغ فيه,1,0
جيد,4,1
جيد جداً روعه ذوق تحياتي الك,5,1
جيد جداً,5,1
جيد جدا,5,1
كلما ادخل عليه يقول لي اعمال التطوير سيء سيء جدا!!,1,0
نحتاج ان يعطونه يوميه ميت دولار رصيد,5,1
ممتاز جدا ❤️,5,1
افضل تطبيق والله و هاي مال 100 ميگابايت يومياً والله جميله بس بيه مشكله صغيره ال100 ميگابايت 24 ساعه و يروحون يعني ما يبقن,5,1
مميز,5,1
ارد 10 كيكتبايت,5,1
ارقه برنامج,5,1
😍,5,1
تطبيق جيد جدآ يعطي ميكبايت مجانآ,5,1
السلام عليكم ورحمة الله وبركاته التطبيق جيد جدا لاكن في خلل واحد انو بي كثيره التحديثات ❤️🇮🇶,5,1
أحسن تجربته,5,1
تطبيق جيد جدااا,5,1
كلش حلو هاذه التطبيق,5,1
جيد,5,1
احسن برنامن مستخدمه من2022,5,1
رائع 🤩,5,1
😘😘,5,1
تطبيق كلش حلوو وممتاز مستمتعه بي حتى وإن وجدت بعض المشكلات البسيطة ، العروض حلوة واسعة النطاق وفرقه المگابايت المجانيه كلش لطيفة صراحه تنقذني بعض الأحيان ، انتمى لكن المزيد من التفوق والتألق,5,1
جيد,5,1
عمي مو برنامج بل عباس عملاق فايدني ميه ميه😁😁 واحد عالم البرنامج الوحيد الي بي فايد انصحكم بتنزليه والله كل الفايده بيي❤🔥🔥🔥😁😁,5,1
برنامج روعه,5,1
مميز ويعمل بشكل جيد,5,1
ممتاز جدا,5,1
التطبيق لا يعمل خصوصا عند الدخول على لعبة زك زاك,1,0
فعلا تطبيق جميل معه لاسف اكو مشكلا وحده دامن يطلع صيانه وينسد تطبيق ارجو تصليح صيانه لان بي عروض جميلا ولاهاذ سبب لا ستطيع ان ستغني عنه وانطي 5 نجماتت لان جدا تطبيق جميل,5,1
ممتاز,5,1
تطبيق رائع جدا ولكن اتمنه ان يعدلو بعض الاخطاء مثل أن تكون 100 ميكابايت 500 ميكابايت وشكرا لكم,5,1
مجاني,5,1
ممتاز,5,1
كفو من زين العراق💟💟,5,1
أنه تطبيق رائع🩷,5,1
يخبل رۈۋ‏عـِھّ,5,1
تقيم. 5 نجوم برنامج رائع بس البرنامج سجل خروج من وحده ومن ارجع اسجل دخول يكول اهناك مشكله ارجو الحل لن حاليا توقف عن العمل,5,1
التطبيق متوقف مسحته وارجعت تثبيته نفس المشكلة مكن حل,1,0
ممتاز احسنتم على هذا العروض والهدايا المجانيه دمتم سالمين,5,1
تطبيق رائع جداً,5,1
جيد جداا,5,1
اخر ايام تعب . مسحته و رجعته اشتغل فترة و رجع ما يشتغل.,1,0
جميل,5,1
شركة راقي جداً,5,1
التطبيق متوقف أكثر من شهر لماذا لاتضهر الهديه ويضهر لي جاري التحميل!!!,1,0
جيدة,5,1
جيده,5,1
جيد جداً,5,1
حلو البرامج. شكرا زين على هذا البرامج ♥🌹..,5,1
ممتاز,5,1
رووووعه وجيد ولكن لست فيه زك زاك,5,1
التطبيق متوقف لاتظهر خيارات الإشتراك,1,0
جيد جدا,5,1
جيد جدا,5,1
توب,5,1
شي جيد ورائع,5,1
ممتازة,5,1
يرجا حل مشكله من احذفه وارجع انزله احط نفس الرقم بس يكلي حدثت مشكله يرا الحل في اسرع وقت ممكن,2,0
ممتاز,5,1
برنامج ممتاز,5,1
جيد,5,1
good,5,1
جميل,5,1
جيدة جدا,5,1
جيد,5,1
جيد جدا,5,1
شكرا لجهودكم المتواصلة بأصلاح التطبيق... لأننا نعتمد علية بألأشتراك بالباقات الشهرية🤔🤔🤔,5,1
التطبيق لا يعمل معي عند تسجيل الرقم وطلب الرمز لا يصلني الرمز لتسجيل الدخول,4,1
جيد,5,1
التطبيق جيد يرجه التطوير اكثر وتحياتي الكم..,5,1
جيد جيد,5,1
شكرا.,5,1
التطبيق واكف لا يعمل بس الصراحة خوش تطبيق قبل ما يكف,1,0
جيد جداً,5,1
تطبيق بطيئ وكل شويه جاري التحميل,2,0
التطبيق ليش متوقف ؟,4,1
جيد,5,1
جيدة,5,1
عفيه كاعد اريد افتح مجاني وعندي رصيد ميدخل قوم بالضغط,5,1
ممتاز ..,5,1
جيده,5,1
جيد جدا,5,1
رائع,5,1
التطبيق جيد جدا و لكن لايشرح كيفية الاستفادة من النقاط و تحويلها إلى رصيد,5,1
السلام عليكم : التطبيق متوقف حاليا ولا تظهر اي نافذة فقط واجهة بدون اي سبب... ارجوا حل المشكلة,5,1
تطبق فاشل يقلك العب وحصل ميگات من زگ زگ وتلعب وكل شيء ماكو تطبيق فاشل,1,0
جيدجدآ انصح الجميع بتحميل,5,1
سلام عليكم ورحمة الله وبركاته نرجو من قبل مسؤل الشريكة المحترم ومدير الشريكة المحترم تزويد نسبة قرض الرصيد الى 4000الاف وليس في بعض الخطوط تكن 2000الفان ارجو تحديث ميزة القرض الى 4000الاف تكن نسبة القرض ممتازه بهاذ الشكل نرجو من الشريكة وميدر الشريكة قبول هاذ طلب🙏🏻,1,0
تطبيق رائع لاكن خدمات مبالغ بها جدا الانترنيت والاتصال مكلفه يجب أن يكون الاتصال والانتنرنيت ال ١٠٠ كيكا بايت باشتراك شهري ١٠٠٠٠ دينار بسبب كل العائله محتاجه نت وتصال,2,0
تطبيق مهم ومفيد جدا,4,1
افشل تطبيق ما يفتح نهائيا ما اكدر اسجل دخول صارلي ايام,1,0
ان شاء الله انتم قدها وقدود مشكله وتنزاح برنامج حلو اوكي,5,1
روعه,5,1
التطبيق توقف تمامن,1,0
جيدا,5,1
جيد,5,1
ممتاز جداً,5,1
تطبيق رائع جداً وفعال,5,1
ممتاز,5,1
كما عودتنا شركه زين على الخداع والتضليل تطبيق يعمل مع الخط لمده محدوده ثم لا يستجيب مع خطه ممنهجه لدي خطان على نفس التطبيق اذا اتتك النقاط حجب التطبيق بحجه الصيانه والحقيقه يفتح ع خط جديد,1,0
❤❤❤❤ ممتاز,5,1
جميل,5,1
تم اعادة تشغيل التطبيق بعد الغاء تثبيته واعادة تنصيبه,5,1
التطبيق متوقف ولايعمل منذ خمسة ايام,5,1
التطبيق بحاجه الى تحديث لتجنب المشاكل لانه اصبح لا يعمل و اضافه للمعلومه بعد حذف التطبيق و تنزيله مره اخرى سيعمل بشكل جيد,5,1
ممتاز,5,1
التطبيق متوقف عن العمل 7ايام شنو السبب,1,0
ممتاز,5,1
روعة,5,1
شكرا لجهودكم، نرجوا حل مشكلة التطبيق عندما اتركه مدة من الوقت اجده متوقف عنده شحن رصيد الخط.. .,5,1
التطبيق متوقف 👎🏻,1,0
رائعة,5,1
تطبيق فاشل وهذا الشي يليق بشركة فاشله مثل زين,1,0
برنامج رائع جدا جدا,5,1
جميل,5,1
التطبيق متوقف عندي هل يوجد سبب ام لم يشتغل بعد الان ارجو رد,1,0
جيد جدا,5,1
جيد,5,1
ليش من اريد اسجل دخول للتطبيق يطلعي يرجى التاكد من ان لديك حساب في تطبيق زين العراق واني لدي حساب ارجوا حل المشكله وشكرا,5,1
التطبيق متوقف يرجى معالجة الخلل,1,0
جيد جدا ط,5,1
جيد جدا,5,1
يمته تخلص اعمال التطوير بل القرن ٣٣,1,0
لأن التطبيق لا يعمل لمدة أكثر من شهر ماهو السبب ؟؟ ونريد نعرف معلومات الاشتراك بالخدمات متى تنتهي الصلاحية وكم باقي لدينا من الاشتراك لا تظهر لجميع المشتركين بالخدمات و ممكن توضيح ؟؟؟,1,0
لقد كان تطبيق اكثر من رائع لكن الان قمت بحذفه كونه لا يعمل,2,0
احسن تطبيق,5,1
على طول بي صيانة لو خلل,1,0
جيد,5,1
جيد جدا,5,1
متوقف عن العمل,1,0
يحتاج التطبيق الى تحديث.. لانه حاليا لايعمل.. تحياتي لكم,1,0
تطبيق رائع,5,1
جيد جدا,5,1
والله قبل كان جيد بس هسه كلشي ما مستفيد منه لأن متوقف,1,0
ممتاز,5,1
جيد جدأ,5,1
جيدة جداً,5,1
احسن تطبيق,5,1
تطبيق رائع جداً اتمنى لكم التوفيق,5,1
جيده,5,1
تطبيق يجنن ينطيك نت مجاني,5,1
تطبيق متوقف,1,0
التطبيق حاليا لا يعمل متوقف,1,0
منذ يومين والتطبيق لا يستجيب,1,0
تطبيق ممتاز. الي مايشتغل عنده التطبيق يحذفه وينزله مرة ثانية ويسجل دخول جديد راح يفتح,5,1
انه برنامج راءع جدا جداً,5,1
جيدة,4,1
يااخي ليش مايفتح ع شبكة البيت فقط ع بيانات الخط,5,1
سيئة,1,0
احسن تطبيق امل تطبيق جعلتهو شركت زين العراق,5,1
جيدة جداً,5,1
كما عودتنا ايضا تعودنا على زين بالمصداقية والامانة وأيضاً سرعة في التلبية والانجاز,5,1
تأتيني نقاط فوز (مبروك لقد ربحت كذا نقاط، كيف استغل هذه النقاط,4,1
جيد,5,1
لقد توقف البرنامج لم يعد يعمل منذ شهر ولا أعرف السبب أرجوا المراجعة والعمل من جديد,1,0
برنامج فاشل لا خدمات,1,0
ولا نجمه التطبيق بعد التحديث الاخير توقف تماما,1,0
التطبيق ثكيل جدا,1,0
تمام,5,1
دائما يعطل هذا البرنامج ويعلق عندي,1,0
تطبيق ممتاز يجمع بين الانترنت الشبكة,5,1
صاير مو زين رجعو مثل قبل ولانجمه يستاهل,1,0
جيد جدا,5,1
لماذا التطبيق لايعمل,5,1
برنامج جيد ولكن حاليا لايعمل ماهو السبب. عندما ادخل للبرنامج لايفتح. فقط تعبئه وتحويل رصيد,5,1
ميفتح تطبيق تطبيق فاشل جدا,1,0
ليش متوقف التطبيق,5,1
غير جيدة,1,0
اغلب الاوقات لايعمل,1,0
جيد جدا,5,1
فاشل,1,0
السلام عليكم ما هو سبب توقف البرنامج تظهر لنا فقط الواجهة الرئيسية,4,1
تطبيق جيد جداً لاعطاء رصيد انترنت مجاني، لكن اتمنى ان أيضاً يعطو رصيد حقيقي حتى لو كان قليل جداً. لكن يبقى تطبيق جيد جداً,5,1
احيانا يظهر التطبيق خلل ولحله تحتاج إلى إعادة تسجيل الدخول لكي تظهر تفاصيل الحساب و يعمل التطبيق و هذا حل مزعج احيانا,4,1
التطبيق كلش حلو وكلش يساعد المستخدم بس صار فتره كل ماادخل للتطبيق يطلعلي اشعار ان عدكم أعمال صيانه للتطبيق شوكت تكمل ؟,5,1
جيد جدا,5,1
التطبيق يعمل كما كان في السابق شكراً جزيلا لكم ولكن طلبنا منكم سابقا في التحديثات القادمه تظعون ميزة الوضع المظلم لا أرى في التطبيق غير صفحه بيضاء والكتابه صغيره وهذا الشي يؤثر على النظر فارجوا من حظرتكم أخذ نظر الاعتبار في الطلب ولكم التحيه مع الشكر الجزيل,5,1
جيد,5,1
التطبيق متوقف عن العمل منذ فترة ولا تظهر أي خيرات في التطبيق,1,0
لماذه لايصل لي رمز سري الى خطي رجاء جوبوني يعني برنامج.ماجاي يفتح عندي ليش,1,0
جيد جدا,4,1
ممتاز,5,1
السلام عليكم ورحمة الله وبركاته التطبيق متوقف منذ أكثر من شهرين . عند فتحه تظهر عبارة . ( نقوم بعملية صيانة ) . إذا أمكن إصلاح الخلل . علما أن التطبيق أكثر من رائع عندما كان يعمل .,5,1
التطبيق متوقف لأكثر من شهر لماذا ؟؟؟؟؟؟؟؟؟؟؟؟,1,0
سيءءء,1,0
برنامج بطيء جداً في العمل,1,0
نه جميل,5,1
التطبيق متوقف ما السبب ؟,1,0
برنامج مميز لكن حاليا لايعمل لدي ممكن معرفه الأسباب,5,1
توقف عن العمل نهاين ماعرف السبب,1,0
البرنامج متوقف ولا يعمل وبالتالي ما استفيد منه شي ارجو حل المشكلة,1,0
جيد جدن,5,1
البرنامج يحتاج تطوير نجمة واحدة كثير عليه 👎,1,0
ممتاز,5,1
ممنتاز,5,1
برنامج بقمة الروعة,5,1
البرنامج صار أكثر من شهر ما يفتح عندي يكول اكو صيانه للبرنامج,1,0
التطبيق ممتاز ولكن عند الدخول اليه لا يفتح وتظهر نافذة تقول بان التطبيق قيد الصيانه حاليا .. نرجو المعالجه السريعه تعديل..تم حل المشكله من خلال الخروج من التطبيق واعاده تسجيل الدخول.. شكراً لكم,5,1
جيد,5,1
جيدة,5,1
شي حلو كيف يكمنني ان احصل علي العرض,5,1
فاشل,1,0
فاشل اغلب الاحيان متوقف ما يشتغل,1,0
التطبيق كان ممتاز ويعطي عروض وهدايا والان متوقف اتمنى حل هذه المشكله,1,0
تطبيق سيء للأسف وشركة زين من سيء إلى الأسوء والتطبيق نزلته مرتين وما يشتغل وتركته واستخدمت آسيا وتطبيق آسيا يفتح حتى بالمجاني,1,0
ممتاز,5,1
احسنتم على هذا التطبيق اكثر من رائع,5,1
ليش مايشتغل فقط صوره مو مثل قبل شنو السبب ممكن توضيح,1,0
تطبيق بدائي ولا تكول تطبيق شركة اتصالات تطبيق عبارة عن توقف وعبارة تعليق,1,0
ما سبب عدم فتح التطبيق منذ اسبوع بسبب لصيانه اتمنى اصلا المشكله بسرعه,4,1
جيدا,5,1
برنامج جميل وجيد ولكن نطلب بعروض اكثر,4,1
تطبيق متوقف و لا يعمل,1,0
التطبيق فيه هوايه اعمال صيانه /مديشتغل,1,0
ممتازة جداً,5,1
صار أكثر من أسبوع وأعمال صيانة التطبيق لم تكمل وضع سخيف ومزعج جداً بحيث لانقدر مثلاً على تعبئة رصيد من الماستر كارد وغيرها من الاجراءات الضرورية وضع مزعج جدااااا ومنذ الشهر كانون الأول من عام ٢٠٢٥ ولحد اليوم ٣/١/٢٦ تكررت نفس الوضعية السخيفة.,1,0
تطبيق فاشل لايعمل,1,0
ممتاز,5,1
نجمة واحدة بسبب توقف البرنامج عن العمل ماهو السبب؟؟,1,0
التطبيق متوقف عن العمل و لا توجد متابعة من الشركة,1,0
تجربه ممتعه جدن جدن جدن ولاكن أواجه مشكله عند مادخل علا التطبيق تطلعلي لاحه مكتوب فيها اكو صيانه في التطبيق من 2025/ الا حدالان,5,1
جميل جدا ممنون,5,1
فاشل,1,0
لا تتم انزال نقاطي في رصيد ؟؟,1,0
لا يعمل,5,1
برنامج قيم ومميز ويمكن الاستفاده منه بصورة جيده,5,1
التطبيق مو دائماا يشتغل مع العلم وجود اشارة ورصيد غير منتهي الصلاحية,1,0
التطبيق متوقف وفاشل,1,0
جميل جدا,5,1
برنامج فاشل وثقيل جدا,1,0
جيدا كل يوم انترنيت مجاني,5,1
تطبيق جيد جدا، لكنه يتوقف عن العمل بين الحين والاخر,5,1
التطبيق متوقف و لا يعمل,1,0
جيد جدا,5,1
ممتاز,5,1
جيد ولكن يحتاج الى تطوير,5,1
ممتاز,5,1
راقي,5,1
جيد في الوقت الحاضر,4,1
ان التطبيق رائع,5,1
جيد جدا,4,1
ممتاز,5,1
تطبيق ممتاز,5,1
برنامج حلو,5,1
ممكن مساعده فدوه جهازي القديم احترك وجبت جهاز مايفتح بلجهاز الثاني حسابي,1,0
جيد جدا,5,1
جيد جدا,5,1
رائع جدا,5,1
جيده جدا وخدمات جميله,5,1
ليش التطبيق واقف من فتره,4,1
جيد,5,1
صح,5,1
عاشت إيدكم👍 بس يحتاج بعد تطوير يعني بخصوص أعادت تعبئة الرصيد إذا اشتريتها عن طريق دجتل زون ونسخت الرقم السري ميلصق بالبرنامج لأن مو مساحه مفتوحة مجزء إلى عدة حقول فيأخذ جزء من الرقم السري ويترك الباقي بلكي تحلون هاي المشكلة... 🔴نصيحه للي مايشتغل عنده البرنامج يفتح بدون محتوى خلي يسجل خروج ويدخل مره ثانيه حيفتح عنده شغال✅ كلامي هذا عن تجربة وعذرا على الإطالة...,4,1
لا يعمل,1,0
صار شهرين البرنامج مايشتغل كل ماافتحة يطلعلي اعمال صيانة مسحتة اكثر من مرة وكل ماامسحة وارجع انزلة من جديد يشتغل وبس اطفي اجي عليه مرة ثانية اشوفة راجع اعمال صيانة اريد اشترك بالنت ماكدر اشترك اضطريت اشترك باسياسيل والنت ضعيف جدا باسيا🤬 معقولة صارلكم شهرين صيانة بالبرنامج؟؟؟؟,1,0
برنامج جيد جدا بس للأسف لايعمل بالوقت الحاضر يرجئ معالجته,5,1
بنامج اكثر من رائع,5,1
لماذا لايعمل تطبيق زين لدي ارجو حل المشكلة,5,1
ممتاز ورائع وعملي واقتصادي,5,1
👍,5,1
تجربة رائعة,5,1
تطبيق جيد وجميل,2,0
أريد نت,5,1
تطبيق فاشل كل سبوع يوكف لازم احذفه وارجعه يلا يشتغل,1,0
ممتازة,5,1
تطبيق رائع...جزاكم الله خير الجزاء...,5,1
جيده,5,1
احلاه واقوه جوده,5,1
جيد,5,1
لا يفتح,1,0
ممتار,5,1
البرنامج اول مرة يشتغل طبيعي لكن بعد فترة يتوقف وتظهر نافذة بأنه صيانة بالبرنامج ولما تحذفه وتنزله مرة تنعاد القصة من جديد.....زين ....مو زين,1,0
تطبيق ما يشتغل يمنا من فترة ليش,2,0
تطبيق زين العراق ماكو منه,5,1
🌹🌹🌹,5,1
افشل تطبيق افشل من الفشل نفسه لحد ينزله يوميه وعدهم صيانه وميشتغل التطبيق,1,0
جيد جداََ,5,1
❤️❤️❤️,5,1
تجربه مميزه لمدى طويل,5,1
كيفية الحصول على النقاط,5,1
ممتازه,5,1
حلو,5,1
تم اشتراكي بكيفك ١٥٠٠٠ دينار ولكن المشكله لا يعمل اتصال الانترنيت والرصيد سحب لا اتمتع بالفيس ومواقع التواصل الاخرى هذه اخر مره افعل عن طريق زين ساذهب الى اسيا,1,0
شكراً شكراً حبيبي,5,1
ليش التطبيق فارغ وكلما افتح التطبيق يطلع الي نأسف اكو صيانه شنو الموضوع,1,0
سيء,2,0
تطبيق سيء جدا وبطيء,1,0
تطبيق فاشل ثكيل ما يستجيب,1,0
ابداع,5,1
جيد جداً,5,1
مشكلته انو مايخليني اغير رقم المحفظة وثاني مشكلة الفيزا الافتراضية ليش لغيتوها؟,2,0
ممتاز,4,1
فاشلة من ناحية ليمت يومي وهو جدا ضعيف يعني مواقع اكرونية الي تطلب دفع ٨٠٠ دولار ماتقدر تستفيد من بطاقتك لاني ليمت ٣٩٩ دولار يرجى تطوير ورفع ليمت ل١٠٠٠ دولار يوميا او حسب ليمت شهري اتاحة دفع مرا وحدة بشهر بالقيمة,5,1
جيد جدا,5,1
تطبيق منتاز فانتاستك,5,1
تطبيق جيد,5,1
جيد,5,1
جيد,5,1
حلو,5,1
ممتاز,5,1
جيد جدا,5,1
راقي,5,1
good,5,1
رائع,4,1
والله احلى شركة,5,1
لايدعم تعبئة المحفظة عبر الماستر كارد,1,0
شكرا,4,1
"رائعه جدا""",5,1
يلا,5,1
تهاني,5,1
تطبيق سيء,1,0
خوش تبيق,5,1
جيد جدا,5,1
لقد سجلت محفظتي لأكن لا الستجابه بطيئه جدن أود أن تعملو علا خدمه المسجلين أو الزبائن في اسرع وقت,2,0
ممتازه,5,1
جيدة,5,1
رابع مرة اقوم بحذفه بسبب طلب الرمز .. فأقوم بإدخال كل الرموز التي حصلت عليها من الرسائل ، و يقول خطأ نجمة واحدة كثيرة عليه و كم مرة اعمل تصوير للوجه ؟ الف ام الفان حتى يوافق ؟,1,0
التطبيق فشل بعد تحديث اخير عالم يتقدم القدام هم رجعو التطبيق لوراء تحديث زباله,1,0
سلام عليكم تطبيق خوش تطبيق بس اكو مشكلة بيه هو كل راس شهر ما اكدر اسحب للمحفظة بس ورا جم يوم يرجع طبيعي يرجى حل المشكلة,5,1
برنامج رائع,5,1
جيدة الجودة,5,1
تطبيق مفيد وومميز عاشت الأيادي كل التوفيق والنجاح الدائم,5,1
مدا يفتح وصار اكثر من يومين احاول افتحه وما دا يفتح وماعرف شنو مصير فلوسي,1,0
ليش ما يقبل تصوير وجهي شنو هل التحديث جان الرمز بس و يفتح شنو هل التحديث هذة,1,0
ممتاز جيد,5,1
جيد,5,1
جيد,5,1
ممتاز,5,1
جيد جداً,5,1
جيد جدا,5,1
جيد جدا,5,1
جيد منتاز,5,1
شما احجي واكول قليل بحقه برنامج زين افضل برنامج بالعالم اجمعين,5,1
ممتازه,5,1
حلوو,5,1
جميلة جداجدا,1,0
تطبيق سيء عند التسجيل وتقديم المستمسكات الثبوتية لا ينتقل للمرحلة التالية ويخرج ويعود للبداية من جديد,1,0
جيد جداً,5,1
جدأ جدأ تطبيق مفيد جداً وراقي,5,1
جيد,5,1
ممتاز,5,1
تطبيق جيد لكن لدي اصدار نسخه قديمه ولايوجد التحديث اتمنى حل هذه المشكله وشكرا لكم لدي عمل في التطبيق كثير,5,1
تطبيق سيئ جدا. ما تكدر تدفع دولي دون جواز سفر صالح و حتى لمه تفعل جواز يجب ان تنتظر ٣٠ يوم حتى دون اخبارك بهذا قبل طلب بطاقه. اسوء تطبيق ممكن تستعمله اذا تريد تطلب من مواقع اجنبيه. ما انصح بي احد,1,0
أتمنى اضافة دارك مود للتطبيق,1,0
كلش زين,5,1
ممتاز,5,1
جيد,5,1
جيد جدآ,5,1
حيل زينه,5,1
مفيدة جداً,1,0
سيئه جدا,1,0
هل يمكنني اضافة بطاقه كي كارد الى هذا تطبيق,5,1
قديما كان لدي محفظة زين كاش وكان شغال مع الاسف بعد ان غيرت الهاتف الی S9 لم تعد تثبت لدي و السبب ٱنه الهاتف يحتوي علی الروت فما هو الحل لو سمحتوا,5,1
ممتاز,5,1
جميل جدا جدا,5,1
ممناز,5,1
جيده,5,1
جيد,5,1
تطبيق راائع جدا,5,1
تطبيق سهل استخدامه يستحق 5 انجوم,5,1
ممتاز,5,1
جيد,5,1
نزلت البرنامج هسه وراح نجرب,1,0
روعه,5,1
روعه,5,1
اريد اعرف ليش لغيتو الإيداع عن طريق الباركود وخليتو الإيداع بالباركود فقط عن طريق الوكيل,1,0
جيد,1,0
جيد جدا,5,1
التطبيق فاشل ما يرضى ياخذ شكل وجهي ويعطيني labiba error 6 صارلة اسبوع على هذه الحالة,1,0
مممتاز,5,1
ممتاز,5,1
جيد,5,1
ممتاز,5,1
لماذا لا يدخل على المحفضه خاصتي يتطلب التقاط صوره وعندما التقط يضهر خطأ ارجو ازاله هاذا التحديث انا لا يمكنني الدخول الان ارجو الحل سريعاً.,1,0
جيد جدا,5,1
اسوى مرنامج يطلب بطاقتي قلت ماشي يطلب وجهي بعد محاولة 64 نجح وأخير الان يطلب سكن شنو سالفة لا بعد اطلب شنو انا لابس 😑,1,0
هاي ما صايره بتاريخ العالم يعني تريد تحول المبلغ من البطاقه للمحفظة يستقطع منك 200د 🙂عمي خلو الله بين عيونكم.,2,0
تطبيق جيد جدا ومحترم وفيه فروع كثيرة جدا يحتاجها المشترك يستحق خمسة نجوم وأكثر شكرا لمصممي التطبيق.,5,1
كفو,5,1
جيد جدأ,5,1
لماذا لايكمل التطبيق,1,0
أنا لم أستخدم هذا التطبيق لكن كل يتحدث أنه جيد، ولكني لا أملك رقم عراقي وأريد تفعيله هل من سبيل الى استخدامه؟,5,1
تجربت زين كاش جيد جدا جدا,5,1
تطبيق جيد,5,1
عندما اريد ان افتح محفظة جديدة تطلعلي كلمت فشل لماذا,2,0
جيده,5,1
رائع,5,1
تطبيق من تشتري منه رصيد تعال كلساع تصل على شركه,1,0
جيد,5,1
جيد,5,1
يخبل والله,5,1
منتاز,5,1
التطبيق مايدخل على زين كاش لو تتطلع صوتي مغوشه او ماتتطابق جنسيتي والوجه اد,1,0
صار فترة من نزلته، وكلما اريد افعل بطاقة جديدة وأكمل المعلومات يقول اكتب الحروف باللغة العربية وانا اصلا كاتبتهم باللغة العربية، ويرفض الانتقال للمرحلة الي بعدها لذلك تجربة سيئة من البداية,1,0
ممتازه جدا,5,1
ما افهم ليش يعني يطلب مني اطفي خيارات المطور شهلتدخل هذا الموبايل الي ونا افعل الي اريده,1,0
ملاحضه ممكن تخلون التعبه زين كاش من خلال الرصيد يعني جيب كرت وتعبي وينشحن عندك زين هاي الطريق راح تكون جدا فعاله وسريعه وبهاي الحاله راح تستفادون من بيع رصيد اكثر والعموله اتصير الكم مباشر بدل التاجر والكل يرغب بهاذ الشي مجرد اقتراح شنو رئيكم,5,1
التطبيق يستمر بالتعطل ارجو حل المشكلة,1,0
تطبيق روعه,5,1
جاي أواجه مشكلة من اريد اعبي عن طريق الوكيل الباركود مايفتح عندي شنو السبب,2,0
روعه,5,1
هل بدون جواز السفر تفعل ماستركارد دولي أو لازم جواز السفر,5,1
جيد,5,1
جيد جدا موفقين ان شاء الله,5,1
سويت حساب وما دخلني للقائمة الرئيسية,1,0
جيد,5,1
Great App Smooth fast and very easy to use. The design feels clean and modern,5,1
جيد نوعاً ما,4,1
اكثر برنامج امن وثقتي بيه 100/100,5,1
حشه السامع احسن من ذولاك الكواويد,5,1
تطبيق اسوء من السيء النجمة الوحدة للتعليق,1,0
جيد جداً,5,1
روعه,5,1
اصبحت المحفظة لا تستقبل اموال من ماستر كارد وهذا فشل كبير,1,0
حسن,5,1
جيد جدا,5,1
روعه,5,1
جميل,5,1
تطبيق مفيد,5,1
👍,5,1
جدا رائعه,5,1
حلوه,5,1
غيرجيدة,5,1
نشكر القائمين على تطبيق زين كاش تطبيق مفيد جدا شكرا لكم على التطبيق وأنصح بتنزيله التحديث الأخير رائع جدا نشكر المطورين على هذا الإبداع,5,1
معامله جيد جدا,5,1
يطلب ايقاف خيار المطور ارجو حل مشكله,1,0
ليش ما يصير نسوي بطاقة زين كاش كما هي كي كارد و سويج ؟ مجاني نقدم عن طريق مستمسكات,1,0
التحديث الاخير ادى الى مشكلات كبيرة ، اجبرتني ان الغي اعتمادي على زين كاش,1,0
ممتاز,5,1
تطبيق ممتاز,5,1
رائع جدا,5,1
جيد جدا,5,1
تطبيق زين كاش الخاص بالخدمات والاشتراكات غير فعال حذفتة لأقوم بعادة تنزيلة فعند البحث عندة لم اجده,5,1
حلو,5,1
ماعرف انزله,5,1
تطبيق سيء جدا بلتسجيل,1,0
واو,5,1
لم افهمه بعد,4,1
جيد,5,1
حلو 2025/11/7,5,1
لم. يتصل بي احد,5,1
راقي,5,1
جيد و امن,5,1
جاي تطور الئ الافضل,5,1
تطبيق يخبل الصراحة,5,1
جيد جدآ ممتاز,5,1
ممتاز,5,1
تافه لأنه لا يدعم حساب للسوريين ليس له فائدة,1,0
جيد جدا استمرو,5,1
السلام عليكم سوال بعد التحديث لا استطيع الدخول للبرنامج نهائيا لا اعرف السبب يطلب صوره وعندما تأخذ الصوره يضهر لي لايتوافق ماهو السبب ممكن,1,0
جيده جدا,5,1
ممتاز,5,1
سيئ جدا التطبيق بعد التحديث فشل لايمكن التعبئة من الفيزا او الماستر كارد عند سحب بلغ تظهر العملية فاشله ويبقى المبلغ لدى الشركة زين كاش و عند الدخول الى الرصيد لايوجد ويبقى المبلغ معلق الى حد ٤ أيام ومن ثم يتم اعادته الى الماستر كارد,1,0
ننن,5,1
بيخربة,4,1
برنامج خمس مجوم قليل بية فضل برنامج وسعد الناس وخط دوالي زين تمحك وين ما كنت شكر اليزين العراق,5,1
ممتاز,5,1
nice,5,1
جيد جدا بارك الله فيكم,5,1
التحديث الجديد سيء للغاية,1,0
نزلت البرنامج وكملت كلشي ولمن طلعت منةورجعت كلي اريد الرقم والرمز ولمن كتبتة مقبلة فسويت تغيير رمز بس طلب مني رقم البطاقةالوطنيةوداكتبة صحيح هوةورقم الهاتف بس ميقبل يكولي غلط شنو الحل وشلون اطلع بطاقة يعني يجيني مندوب يوصلهة الي شو ماكو رقم اتصل بي عليهم لافهم الموضوع,1,0
فول,5,1
جميل جدا,5,1
جيد,5,1
سيئ,1,0
جميللل,5,1
شكراً,5,1
جيد,5,1
زين كاش مغيرين اللوكو لو اني مخربط لو شنو ترة عدي محفضة دائمية ومادا تفتح بل زين كاش جان التطبيق لونة اسود هذة نفسة لو غيرة؟,5,1
راقي,5,1
تم,4,1
ما علاقة التطبيق بخيارات المطور هنالك خلل في تطبيقكم ارجو حل المشكلة بأقرب وقت,1,0
غيرت جهازي اريد اسجل دخول ال محفظتي جاي يخرجني ؟؟ ثاني شي الصوره أو الفيديو الثلاثي الأبعاد سي بشك مو طبيعي اتمنه تلغونه أريد اسجل بحسابي من الصبح لاحد اليل وما ديقبل برنامج فاشل سي جدن,1,0
تطبيق سيء ولايوجد خيار تعبئه المحفضه من التلفون من رقم الهاتف,1,0
تطبيق فاشل فاشل فاشل انعل ابو هيج برنامج,1,0
التحديث الاخير اصبح معقد و صعوبة فهم كيف تحول من المحفظة الى البطاقة,2,0
أثناء تسجيل حساب جديد ووصولي إلى بطاقة السكن جاي يطلعني من التطبيق بشكل نهائي ارجو الرد ومعالجة هاي الحالة,1,0
جميل,5,1
حلوووووو,4,1
زين,5,1
البرنامج جيد جدا وسهل الاستخدام,5,1
ممتاز جداً,5,1
اختياري افضل,5,1
تم,5,1
التطبيق زبالة بكل معنى الكلمة الاصدار القديم كان تستطيع شراء بطاقات جوجل وشدات ببجي موبايل حاليا تم الغاء بطاقات جوجل وشدات ببجي وغيرهه من التطبيقات .نصيحه لحد يحمله زبالة x زباله,1,0
❤️🌹❤️رائع جدآ,5,1
ممتاز,5,1
جيد جدا,5,1
فاشل فاشل كلة انكليزي وحتى منعرف نسجل علي,1,0
ممتاز,5,1
جيد جداا,5,1
جيد,5,1
جميلة,5,1
يحتاج وضع الداكن.. dark mode,2,0
التطبيق به مشكله لا يقوم بمسح الباسبور,1,0
لان الخطوات باللغة الإنجليزية,1,0
فاشل لايستطيع اخذ صوره لوجهي بكل الحالات ..لم تكن هنالك سهوله ومرونه,1,0
جيد,5,1
ممتازة تستاهل١٠ نجوم,5,1
ممتاز,5,1
😃,5,1
٦٦٦٥ف٥٥عهحغفتنمخغ,5,1
ممتاز,5,1
جيد,4,1
اريد أصدر بطاقة اسجل الرقم ما يرسل الي الرمز,1,0
ممتاز,5,1
شكرا شكرا شكرا,5,1
عند تعبئة المحفظة عن طريق الوكيل ليش سويتو إلى صورة يلة شنو السبب مصايرة هاي لازم عند السحب وليسة عند التعبئة,1,0
وااو,5,1
جيد,4,1
ممتاز,5,1
تعبان,1,0
متعب جداا وتطيبق مزعج جدااا-نختار اللغه العربيه يحولني مره انكليزي مره كوردي ؟؟؟؟واخذ صوره سلفي فاشل جدااا---,1,0
جيد جداً,5,1
رطوةؤكي,5,1
جيد جدأ,5,1
روعة زين كاش,5,1
جيد,5,1
تطبيق اغبر مايحول جزعنا نحاول ماكو استجابه.,1,0
التحديث السابق افضل من هذا التحديث. التحديث الجديد باختصار نصب واحتيال في دولة النصب والاحتيال,1,0
جيد,5,1
يرنامج شوي مقعد لو تضيفون ميزة تغير رقم الهاتف يصير احلا,1,0
التحديث الاخير لزين كاش جميلا جدا اشكرك زين كاش على هذا التحديث الاخير,5,1
بعد ماكان افضل تطبيق اصبح اسوئ تطبيق مع الاسف,1,0
علي حسين,5,1
تمم,2,0
تحت التجربة,4,1
جديد,5,1
حيدر الخيكاني,5,1
تطبيق رائع,5,1
برنامج راع جيد جداً جداً,5,1
اتمنى اكدر اشحن محفضتي بواسطه تعبئه كارت زين🥲,1,0
راقيه,5,1
ممتاز,5,1
تطبيق بعد مايشتغل وحسابي بي فلوس تطبيق صار فاشل,1,0
مامصدق,5,1
جيد جدا,5,1
أريد اسوي بطاقة بلاتينيوم بس ما كاعد يطلع عندي الخيار مالتها,4,1
امينه عاشت ايدكم,5,1
ليش ما يفتح برنامج زين كاش,1,0
برنامج ممتاز وراقي بس اكو بعد شغله ياريت تضيفون شحن رصيد اسيا مباشر مثل شحن زين العراق وبنفس السعر ياريت تضيفون هاي الميزه,5,1
عاشت ايدك,5,1
التحديث الجديد سئ للغاية,1,0
تم,5,1
أنا سوري واريد فتح بطاقة دائمة لاكن لم ارى سوريا في قائمة الجنسية هل هناك ما يمنع أو ماذا افعل,5,1
لايوجد فيه صلاحيه لدولة اليمن لماذا,1,0
لماذا لا يظهر هذا التطبيق في قائمة التطبيقات لدي,5,1
تطبيق تعبان,1,0
غيرو التحديث الجديد لانه انكليزي للاسف,1,0
خيار الدخول البايومتري صار غير موجود بالتحديث الاخير حاليا يتطلب الدخول رقم الموبايل ورمز pin ثم رسالة تاكيد ثم تحقق بالكاميرا ثلاثي الابعاد شنو هالمعضله يعني انه بمكان مزدم ومحتاج احول من البطاقة للمحفظة او بالعكس لازم اسوي كل هذني اذا استمر الوضع راح الغي كل بطاقات زين والمحفظة واحول على خدمات شركات ثانية هي الناس تتقدم لو تتاخر بدل تبسيط الامور اتعقدوها,1,0
اريد اسوي محفظه جديده اسوي كلشي من اوصل البطاقه الموحده تصويرها يكول تم حظرك لمده ٦٠ دقائق وهاي صار ٢٠ يوم ارسل الهم ويضحكون عليه كلساع بشغل جديده مايعرفون أصلان يحلون مشاكل التطبيق اكوله اروح شركتكم يكولي لا مايصير الا انحلها وهم فوك ٢٠ يوم محلوها,5,1
الخدمة غير جيدة بعد التحديث فتحويل رصيد زين الى رقم اخر لاتعمل,1,0
شكرا لكم,5,1
جيد,5,1
رهيب,5,1
جيده,5,1
تطبيق رائع,5,1
😤🥺🙏🏻🙏🏻🙏🏻🙏🏻🙏🏻🙏🏻🙏🏻,1,0
التحديث الاخير غلط وخرب علينه اهواي اشياء من ضمنهن اللغه صارت انكليزي واحنه عربي وجلاليق يلا مو انكليزي,1,0
شكرا لكم على جهودكم، واتمنى ان يتم تقليل وقت تفعيل البطاقة للتحويل العالمي ومقابل هذا يتم طلب مستمسكات ثبوتية اكثر ان تطلب الامر حتى لا نضطر الى انتظار شهر كامل لتكون للبطاقة فائدة حقآ,5,1
هذا تحديث فاشل سويت حساب لحد الان ما موافقين عليه,1,0
كلش زين بس رسوم لتحويل عالية مو مثل الماستر كارد تكون مجاني,5,1
السلام عليكم التطبيق زين كاش بعد التحديث يطلب الغاء مطور الهاتف إذا امكن حل المشكله,1,0
تحديث الجديد سيء للغايه وايضا ايقونه البرنامج صعبه ولا تضهر كافة الخدمات عندي,1,0
شنو رايكم تاخذوني عبد عدكم همين لا جنسيه لا جواز سفر اسم انكليزي عربي خوب تعالو اخذولكم راجدي جلاق ؟ جاي ادخل بحساب لو ارشح على الانتخابات الي يشوف موقعكم يكول فول امان اي اختراع روح جنسيتك منشوره بل التجرام,1,0
... .,5,1
تحديث فاشل,1,0
تم,5,1
جيد جيد,5,1
جيد,5,1
good,5,1
الشكل السابق قبل التحديث افضل وضوحاً واستخداما… هذا الشكل مزعج عمليا,1,0
لا اعرف اشغلة,5,1
منتاز,5,1
تطبيق سيء جدا ، وشركة سيئة ، لا توجود حلول عند حدوث مشكلة لعدم وجود تواصل مباشر ، وانما عن طريق الهاتف يقول لك سوف نحول المشكلة للقسم المختص ، والقسم المختص بعد 4 ايام يخبرك ان تتصل بأنترنيت جيد او حدث التطبيق ، يضحكون عليك بهذه الحلول التي لا تنفع ابدا !!,1,0
ارجو ادخال اللغه العربيه بدل من الإنجليزيه,1,0
التحديث سيء,1,0
روعه ماشاء الله,5,1
جيد لا بأس,5,1
عند التسجيل يطلعلي ما العلاقة مع صاحب بطاقة السكن و الصفحة فارغة شنو المشكلة؟,2,0
التقديم كله باللغة الانجليزية وتسجيل المعلومات يعني متكدر تسجل,1,0
التحديث السابق افضل من هذا التحديث الجديد,1,0
التطبيق حاليا لا يعمل,1,0
الحد الشهري للتحويل قليل,2,0
جيد جدا,5,1
جيد جداً احسنتم,5,1
تطبيق حلو ب هاذا تحديث بس من تريد تشحن العاب اكو كم لعبه ما موجودات اريد بس التحديث روعه فد شي ❤️❤️❤️❤️❤️,5,1
بعد التحديث التطبيق صار ميفتح ولو ترجعون التحديث الأول افضل بهواي اني بالنسبه اليه بعد ما اكدر أحول من تطبيق زين كاش لان صار افشل تطبيق,1,0
بارك الله بيكم,5,1
التطبيق به خلل كبير لا تتم التحويلات الخارجيه تتوقف عند نقطه النهايه ولا نفهم السبب ممكن حل لامر,2,0
ممتاز,5,1
شكرٱ جزيلا,5,1
محفطة خدمية,5,1
هذا التحديث كلش فاشل هواي امور تغيرت واكو هواي امور بالانكليزي وكذلك ميفتح اذا ما اطفئ خيار المطورين وهذا ميصير انتو بأي حق تفرضون علينا امور بظبط الهاتف اني احتاج خيار المطورين لخصائص معينه وما اكدر استخدم التطبيق اذا الغي المطورين شلون بهذي الحالة,1,0
التطبيق لا يعمل بعد التحديث,5,1
شكرا لخدمتكم,5,1
روعه,5,1
التحديث لان غير جيد التحويلات ختلطت ومع ذالك خياراتت المطور مهمه التسريع الهاتف لان تحديث صاراحه فاشل,1,0
احسنتم,5,1
حلوة,5,1
جميله جدا,5,1
التحديث الاخير لا يسمح بسحب الاموال من وكيل من محافظه اخرى كمثال بين البصره وبغداد ويقول حدث خطاء انت بعيد جدا !!!!! وهذا كارثه كيف الشخص يكدر يرسل اموال ويسحبه نقدي من وكيل بعيد ؟؟؟؟!,2,0
تطبيق تعبان جدا,2,0
جيد,5,1
التطبيق للأسف فاشل مع التحديث الجديد بعد اتمام العمليه بالكامل يظهر لى كود ويقولى فشل برجاء المخولة مره اخرى حرام عليكم عوزين نحول فلوس لمعيشة اولدنا,1,0
رائعه,5,1
التحديث الأخير لا يطاق,1,0
بعد التحديث الجديد صار كلشي صعب,1,0
"""مرحباً، لدي مشكلة في الدخول إلى تطبيق زين كاش بسبب التحديث السيء. حول لي شخص مبلغ مالي وأخشى أن يضيع. الرجاء المساعدة",2,0
جيدة جدا,5,1
تطبيق يحتوي على مشاكل تقنية وبرمجية في اصدار 3.0.0 بحيث حين تقوم بتسجيل الدخول وتصل الى خطوة التقاط الصورة الشخصية نلاحظ عدم فتح الكاميرا مع العلم اذونات الكاميرا مفعلة واصدار المطور غير مفعل تم تبليغ فريق الدعم ولم يتم حل المشكلة,1,0
ليش انكليزي يطلع شلون احوله عربي,2,0
اصدار 3.0.0 بي هوايه مشاكل,1,0
بعد التحديث الجديد كلشي متوقف حتى اريد اسحب فلوس من بطاقة اخرى ميصير شنوو هل فشل هذا راح اغير البطاقة احسن برنامج اصبح فاشل مع الاسف صار ساعه احاول وماكو,1,0
جيد,5,1
السلام عليكم شنو هذا تحديث الزبالة البرنامج مايفتح ابد ليش جان قبل أحسن بكثير ارحو الاصلاح,5,1
فاشل صاير كلش,1,0
التطبيق السابق جيد. هذا التطبيق زباله مثل اللي عمله,1,0
التحديث الجديد عمل تشوش في عملية التحويل بين المحفظة والبطاقة الكتابة تصير بي اللغة الإنجليزية حتي اذا اريد احول يمكن اقفل البطاقة ارجو عمل تحديث كون كل التطبيق يكون عربي حتي نعرف نتحكم في البطاقة و المحفظة بصورة جيدة زين كاش افضل محفظة و بطاقة في العراق,5,1
التطبيق يحتاج الى ايقاف خيارات اعداد المطورين من الاعدادات في الهاتف يرجى حل هذا الخاصية,1,0
راع,5,1
فاشل فاشل فاشل بعد التحديث,1,0
افضل محفظة اكترونية واتمنى من العاملين تطوير التطبيق,5,1
ممتازه,5,1
تحديث فاشل ميفتح,1,0
زين كاش جيده ممتازه ولكن الرجاء اضافة رصيد 3دولار 2دولار كحد اقصى حاليا متوفر فقط 5دولار وما فوق,1,0
افضل محفظه ماليه بلعراق شكرا لكم ولاكن ماستر زين كاش اغلب مكاتب صيرفه يكول مكو جهاز للماستر من زين كاش في كربلاء,5,1
افشل تحديث على مر. مان زين كاش سيء للغاية QR باركود مافي خدمات بشكل سلبي للون مزعج انصح لكل مغادرة خدمة زين كاش اصبح سيء….,1,0
تطبيق راقي افضل من النسخه السابقه شكرا زين,5,1
ممتاز,5,1
تطبيق جيد,5,1
التحديث الجديد مايسجل دخول و من ادخل معلومات يكلي ايرور!!,1,0
تحديث سيء جدا جدا جدا,1,0
جيد جدا,5,1
الباركود يطلع بي نقص رقم ارجوو حل المشكله,1,0
شكرا,5,1
تطبيق سيء جدا لا انصحكم في استخدامها لا احد يرد الا بعد كم ساعة والان ما نكدر شراء ولا شيء,1,0
حلو,5,1
تحديث فاشل لو باقين ع القديم أفضل اريد اغير الرمز ميتغير وبصعوبة سجلت الدخول,1,0
اختياري,5,1
لايمكني فتح التطبيق بعد التحديث يرجى حل مشكله وشكرا,1,0
عنصرين,1,0
بعد التحديث الاخير لا يفتح التطبيق يطلب تسجيل دخول و كل ما اسجل دخول يخرج من التطبيق شنو الحل ليش دائماً تواجهني مشاكل تسجيل دخول للتطبيق الى متى؟ و شنو الحل!!,5,1
تطبيق سيء,5,1
متعودين علتطببق القديم لو باقي عليه افضل,1,0
زين كلش,5,1
تحديث الجديد سئ جدا بطيى التحميل اكثر صعوبه,1,0
مفيد,5,1
حذفته بعد هذه التحديث لانه يطلب مني اطفاء خيارات المطور للجهاز,1,0
جيد,5,1
جيد جدا منتاز,5,1
وين نسخه جديده,1,0
جيد جدأ,4,1
تحديث فاشل,1,0
لايتفعل بسهوله وجزاكم الله خيرا,5,1
فاشل,1,0
تطبيق مايسجل دخول وكلما اسجل فيه دخول بيطلعي نسخه قديمه وافوت هنا ماكو تحديث لحل شنو,5,1
يرجا تصليح البرنامج مايشتغل ابد,1,0
التطبيق الجديد لايعمل الا بايقاف وضع المطور في الجهاز,5,1
نضام الدخول للتطبيق سيييءءء رجائا عيدو النضر بي وتعلمو من سوبر كي 2 رغم شرائك للبطاقة ماتگدر تروج عليهة ولا تشتري من من المواقع العالمية الة عندك جواز سفر ترفعة شنو هالتعقيد!!!,1,0
تحديث زباله خربتو شكله 😡😡,1,0
جيد,5,1
لا استطيع تفعيل والت كارد لأنه لايوجد في تحديث في المحفظة كيف افعل ماستر كارد,1,0
حلو راقي,5,1
التحديث الاخير سيى جدا لماذا قمتم بالتحديث وخربتو البرنامج مش شغال عندي,1,0
البرنامج القديم جيد جدا ننتظر التحديث الجديد,5,1
جيد,5,1
بس اطلب تحديث للنسخه,2,0
التطبيق لايعمل بعد التحديث الاخير,1,0
التطبيق لايفتح ابد من تحدث لماذا,1,0
شنو هذه التطبيق الجديد ليش كل ما اريد ادخل عليه يطلب صوره الوجهة ويرسل رقم سري بصراحه التطبيق القديم افضل منه بهواي,1,0
تطبيق ممتاز جدا,5,1
التحديث الاخير مشاكل في مشاكل يحتاج اصلاح عاجل كلشي ما يفتح ويسد البرنامج من كيفة,1,0
التطبيق اصبح لا يعمل وبه مشاكل لا استطيع افتح اي شي به,1,0
لماذا في التحديث الجديد يخرج التطبيق تلقائيا,2,0
البرنامج بعد التحديث يفصل ولايستجيب,1,0
من اسوء تحديثات الي مرت على زين كاش,1,0
جيد جدآ,5,1
عمي شنو هذا التحديث خربتو البرنامج صدك جذب,1,0
لابد من اضافة بطاقة الوطني للانترنيت التطبيق يستحق 5 نجوم ارجو النظر بالموضوع,4,1
برنامج راقي,5,1
عدم وجود رخصة لشراء كوينز في العاب الفديو,1,0
روعه,5,1
اجرب,5,1
بعد التحديث اكو هواي مشاكل يعني ما جاي اكدر افتح المحفظه القديمه,1,0
رجاء ضيفو الوضع الليلي في المحفظة,1,0
رائع,5,1
التحديث هاذ كلشي ما اكدر اسوي بي ، لا تحويل ولا شراء ولا اي شي ، اضل اضغط ونا يسوي شي حتى على الاعدادات ما يروح ، حلو المشكله باسرع وقت,1,0
العموله جدا عاليه يعني عالمليون 9 الاف ليش هيه من جانت 7 الاف هواي,1,0
ممتازه,5,1
جيد,5,1
خوان أنه حولت دولار بس كلشي ماجاني شنو سبب,1,0
ممتاز,4,1
جيد,5,1
كلش زين,5,1
جميل جدا,5,1
جيد جدٱ,5,1
تطبيق حلو بس يحتاج بعد تحديثات,5,1
رائع,5,1
التطبيق يطلب انزل النسخة الجديدة من زين كاش وهي لحد الان ما موجودة بمتجر كوكل موجودة فقط على الايفون,5,1
ممتازة,5,1
أرقى تطيق,5,1
جيدجدا,5,1
🙏,5,1
جيد جدا ،,5,1
ممتاز,5,1
رائع جدا وانصح بتحميل التطبيق,5,1
جيد جداً,5,1
جيد,5,1
جيد جدا,5,1
لخاطر الله عدلو التطبيق خلوه سهل الاستخدام شنو سوبر كي خمستلاف مرة واجهة التطبيق و سهولة الاستخدام احسن,1,0
رائع,5,1
تصميم التطبيق غير جيد . و يخرج فجأه عند التصفح . و صعوبة الاستخدام للمبتدئين,1,0
جيد,5,1
برنامج راقي,5,1
تطبيق ممتاز يسهل عمليات التبادل التجاري,4,1
good,5,1
برنامج مذهل,5,1
حلووو,5,1
تطبيق صعب بلتقاط الوجه لايتطابق معه صاحب للحفظ ارجو لحل,4,1
ممتاززز جداااا,5,1
فاشل,1,0
محفظة جيدة لكن بنفس الوقت تفتقر الى الخدمات الحديثة مثلاً اصدار سوار الكتروني مرتبط بالوالت كارد وحساب المحفظة ويجب تحديث التطبيق الى مسوى عالي والتغيير علية,5,1
ممتاز,5,1
مميز,5,1
جيد,5,1
جيد,5,1
جيد جدا,5,1
في الآونة الاخير التطبيق لا يسمح بتعبئة مبلغ من اي ماستر كارد او كارد اخر رغم المحاولات الكثيرة وقد تم التواصل مع الشركتين يعني زين كاش والماستركارد الرافدين ولم تحل هذه المشكله,4,1
جيده,5,1
شكراا,5,1
تطبيق فاشل عندما اطلع على الرصيد يخبرني البرنامج أن لايوجد نت والنت عندي شغال,1,0
اكثر من ممتعه,5,1
تجربه جيده جدا,5,1
ارقى برامج التحويلات بالعالم,5,1
تمام,5,1
سيء اضيغ رقم يقول فشل اراسلهم ماينون جواب,1,0
رائع,5,1
رجعو فلوسي حرامية باكوني ١١٣ الف بعملية ارسال الاموال والدعم يكلي وصلن لصديقي وهنة ما واصلات لعد المن وصلن,1,0
تطبيق جيد,4,1
تطبيق سيء جدًا مليئ بالمشاكل والدعم اسوء لا يردون على الرسائل انهُ لايستحق نجمة حتى,1,0
ممتاز,5,1
ممتازة,5,1
جيد,5,1
جيد,5,1
ليش أجور تحويل الاموال بين ز كاش فيما بينهم؟ وليش اجور تحويل الاموال من التطبيق للماستر نفس الحساب ليش ليش؟ هسه كي ماستر ماكو هيج شي ابد,1,0
تتبيق سيئ 👎 يرجا التتوير عليه والغاء ميزة الصورة,1,0
تطبيق كلش ممتاز,5,1
تطبيق مزعج والعمولة هوايا سقف التحويلات مليونين تطبيق مو عملي واذا حولت هواي تخابرك الشركة تستفسر,1,0
جيد,5,1
ممتاز,5,1
تطبيق سيء جدا مشاكل في تسجيل الدخول ومشاكل في تعبئة المحفظه,1,0
جيد جدا,5,1
تجربه ممتعه,5,1
جيد,5,1
ارقى تعامل ومشكورين كادر الشركه موفقين جميعاً انشالله,5,1
يخرج من الجهاز,5,1
جيدة جدآ,5,1
اضافه الكاميرا لتسجيل سيئة بحيث ما يسجل دخول,1,0
جيد,5,1
ممتاز وامن افضل من ماستر بهواي بس كلفة التحويل وشراء الرصيد مبالغ بيهه,4,1
سيئ جدا عمولات غالية كلش,1,0
برنامج جميل,5,1
روعات,5,1
فاشل اكثر برنامج بيعلق معاق وقت حاجته ما بتلاقيه ممكن تضيع 3 الى اربع ساعات عشان تدفع فاتوره عيب لما يكون في اهميه كبيره لهيك برنامج ويكون تافهه,1,0
افضل محفضه,5,1
اني نزلت التطبيق وكملت كل الشكليات وكالوا نراجع طلبك هم راح يدزولي ماستر مو وشكد انتظر ويدزوا,1,0
من أفضل البرامج جيد جدا,5,1
جيد,5,1
تطبيق فاشل من اسجل دخول و اطلب المحفظة يطلب مني ادفع 5000 مقدما حتى يوصلها و اني لو عندي محفظة الكترونية جان ما طلبتها منكم غير من يوصل المندوب ادفعله الصراحة ماستر كارد افضل بمراحل حتى التوصيل مجاني,1,0
جيد,5,1
ممتازه,4,1
سيئة,1,0
تحت التجربه,5,1
جدا حلو,5,1
انگس شركه انگس برنامج ارفع بطاقه سكن يگولولي غير اصليه وهيه اصليه,1,0
جيد,5,1
جيد,5,1
من أجل التعليق اكثر من مره ادخل المعلومات ولم أحصل على محفظة ولم يصل رمز سري الخاص بالمحفظه ولايحتاج للتوضيح طالما لم يعد التطبيق والمحفظه ملزمه,1,0
رائع جداً,5,1
جيد جدا,5,1
اشي زباله,1,0
ممتاز,5,1
تطبيق رائع جداا,5,1
تطبيق جيد يسهل جميع امورك المالية,5,1
زين كاش عراق محفظه رقم واحد,5,1
افضل برنامج تحويل الاموال واستخدامه بكثير أمور,5,1
فاشل وكله بسبب بطاقة السكن يوصل يمها يرفضها,1,0
جميل,5,1
جيد جداً,5,1
رائع,5,1
للاسف لايوجد اهتمام وتطور لهذا البرنامج نسجل دخول ونصور المستمسكات وعند الوصول لبطاقه السكن يخرج التطبيق تلقائيآ ويرجعك من البدايه ارجو حل هذه المشكله بأقرب وقت وجزاكم الله خيرآ تم أصلاح الخلل شكرآ لكم,1,0
الحمد لله,5,1
تطبيق فاشل ، كانت اكو خدمة بطاقة فيزا افتراضية والان الغوها بعد ما قمت بتعبئة الرصيد بمبلغ مالي لشراءها.,1,0
ممتاز,5,1
جيد,5,1
ممتاز جدا جدا لكن لا يوجد رصيد اسياسيل في بعض الاحيان غير متوفر ارجوا حل المشكلة باسرع وقت ثانيا ارجو منكم حل مشكلة غير متوفر ارصدة ارجوا الرد,5,1
جدا ممتازه ومميزه,5,1
روعة,5,1
روعة,5,1
برنامج مهم,5,1
حلوو,5,1
أفشل برنامج محفظتي سنين استخدمه مجرد نسيت باسورد مليون سالفه طلعوا مره وجهك يختلف عن صوره لهويه شون بله واحد يضل نفس شكله اكيد لملامح تتغير,1,0
لماذا لا يوجد بلد سوريا في برنامج زين الكاش,1,0
بطاقه حلوه تقدر تستلمها اقل من شهر مجرد الهويه فقط ايميل ورقم هاتف بس وتجيك ان شاء الله خلال شهر ويجيك الرقم عن طريقه الرسائل وقيم المنتج خمس نجوم وشكرا على هذا التطبيق,5,1
جيد جدا,4,1
ممتاز جداً,5,1
سيء جدا جدا,5,1
غير محمي من نضام السرقه,1,0
ما انصحكم سيء جدا يسجل خروج ونرجع ندخل الرمز يطلع خطأ ونطلب رمز جديد مايجي الرمز و لا يوجد اجابة من الدعم,1,0
برنامج فاشل جدا عن تجربه,1,0
الصورةمعقدةجدا,5,1
ممتاز جدا,5,1
لا يعمل اريد اضافة رصيد للحساب عن طريق الفيزا لا يعمل. فاشل جدا ربغ نجمة,1,0
من أوصل لبطاقة السكن يفشل و يعيد العملية من البداية و حتى لو اعيدها هم يفشل صار أسبوع و اني احاول اسوي و ما يصير,1,0
اكثر من مفيد,5,1
تطبيق اسطوري,5,1
احسن تطبيق شفتة بحياتي شكراً زين العراق.,5,1
ممتاز,5,1
ازبل تطبيق كل شوية مسجل خروج,1,0
تطبيق رائع,5,1
شي راىع,5,1
رائع,5,1
رائع,5,1
تطبيق راقي,5,1
محتاج واحد ☝يفعلي,5,1
جيد جداً,5,1
للاسف فيه اخطاء انا احاول تسجيل محفظة لكن عندما اصل الى بطاقة السكن واصورها يفشل ويخرج تلقائيا وارجع اعيد ونفس الشئ احترت ماذا افعل,1,0
تسجيل دخول الی هذا التطبيق مره صعبه و مرات افتح التطبيق طلب تسجيل حساب من جديد و ادخل معلومات الصحيح يقول خطأء و لازم اطلب رمز جديد كل مره اتواصل الدعم ،،،،لذا لايستحق حته نجمة وحده 👎👎👎👎👎,1,0
ابداع,5,1
التطبيق لايدعم التعبئة من بطاقة الماستر كارد حاليا .....لماذا ؟ مع العلم كانت هذه الخدمة متوفرة وممتازه.😞,5,1
رائع 🤩,5,1
جيده جدا,5,1
جيد,5,1
ممتازه,5,1
جيد,5,1
ممتاز بارك الله فيكم,5,1
جيد جدا,5,1
تطبيق روعه,5,1
جيد,5,1
التطبيق لايعمل يطلع خطأ في الاتصال,2,0
وقف عن العمل فجأة ، ما اگدر حتى اسحب فلوسي الي بالمحفظة,1,0
غير آمنة للاسف خسرت اموالي ولم أتمكن من استرجاعها بسبب ثغرات أمنية او احتيال من الشركة والله اعلم عسى أن يعوضني ربي,1,0
جيد,5,1
روعه,5,1
جيد,5,1
برنامج راقي بس,5,1
جيداجدا,5,1
ممتاز,5,1
جيد,5,1
جيده,5,1
منتاز,5,1
تطبيق رائع,5,1
جيد جدا,5,1
التطبيق لايعمل تظهر رسالة خطأ في الاتصال نرجو حل المشكلة,1,0
سهل الاستخدام وامن شكراً لكم,5,1
جيد,5,1
كلش ممتاز,5,1
بارك الله فيكم جميعا,5,1
نعم اكيد وبكل تأكيد وبكل الوسائل مع كل الحب والتقدير والاحترام ❤️,5,1
ممتاز,5,1
جيد جدا,5,1
رائع جدا والله,5,1
ممتاز,5,1
Good,5,1
جيده جدآ,5,1
روعه,5,1
راقية جدا,5,1
انصح بهي كل شخصية,5,1
رائع,5,1
أدخل معلوماتي وأصل لبطاقة السكن ويعيد إدخال المعلومات من جديد، يرجى إصلاح هذه المشكلة.,1,0
ليس جيدا بعد استخدام شهر إيقاف المحفظة بدون سبب اتصل بالشركة يجاوب لأسباب خارج عن ارادتنا تم الحذف,1,0
ليش مافي ل سورية في تطبيقكم. ليش لا يحق للسوري انشاء حساب لديكم. لن اقول شئ سوى انكم شركة غير محترمه لعملائها. وغير جديرة باسم شركة زين الام.,1,0
ممتاز جدا,5,1
رررائع,5,1
جيد جدا,5,1
كان البرنامج حلو بس من يومين دزولي رسالة يكولون تم تعليق خطك خابرت الشركة وكلشي ما افتهمت غير نحنا اسفين تم تعليق خطك بدون تبرير او تعويض او حتى افتهم شو المشكلة فقط تم تعليق خطك؟ بصراحة شركة كبيرة مثل شركتكم تتعامل مع عملائها بهالطريقة مشكلة جبيرة ودليل على عدم المصداقية تم حذف البرنامج ولا شكرا لكم,1,0
رائعه الحمدلله,5,1
اجد صعوبة بالتسجيل في التطبيق,2,0
سيئة جداً إذ تم إيقاف المحفظة بشكل نهائي وتعسُّفي وانتقائي دون سبب موجب وحتى بلا سابق إنذار,1,0
جيد جدا,5,1
أوقفت الشركه جميع الميزات كامله للسورين ليش واش السبب ما حدا عم يجاوب واتصلنا بالشركه ما فادنا بشي ابدا غير يقلي عزيزي عزيزي.... الله يفرج احسن شي.,1,0
تطبيق جيد,4,1
جيده,5,1
جيد,5,1
روعه كلش,5,1
لا يمكن الاعتماد عليه,1,0
صارلي شهر أحاول اسوي محفظه يطلعلي صوره غير مطابقة او البطاقه الموحدة ما يطابق,1,0
برنامج رائع مفيد جدا,5,1
التطبيق لايعمل,1,0
برنامج جيد 👍,5,1
جيد جدا,5,1
جيدة,5,1
ممتاز,5,1
جيد,5,1
التوصيل جده بطيء و ممل جدا,5,1
كلفت التحويل عالية جدا جدا,1,0
ممتاز,5,1
من اين استلم بطاقه,5,1
جيدة,5,1
تعبت من الخارج وانا ادخل علي زين كاش ما اعرف وين المشكله,5,1
ازبل برنامج بل تاريخ,1,0
تطبيق سئ جدا جدا سئ قرارت سئ طريق الوداع سئ كل شي سئ,1,0
رائع,5,1
جيد جدٱ,5,1
برنامج جميل جدا,5,1
برنامج جميل,5,1
مميز,5,1
جيد,5,1
اذا عمري تحت 18 يصير اطلب بطاقة زين كاش او اكدر ادخل المعلومات بالتطبيق من دون البطاقة,5,1
تطبيق جيد,5,1
تطبيق رائع وجميل جدا وأكثر من ذلك,4,1
ok,5,1
جيد,5,1
حلو,5,1
لايعمل,1,0
برنامج جدا راقي,5,1
تجربة فاشلة للاسف ميجيب الالي لايعمل ورسائل من سيم كارد متوصل,1,0
واجهه التطبيق قديمه جدا,2,0
ممتاز,5,1
لويش مايفتح عندي,2,0
جيد جداً,5,1
ممتازه,5,1
سيئ جدا جدا جدا جدا جدا جدا اذا بعدك ما مسوي شي انسحب احسن لك دعم فاشل فاشل فاشل,1,0
اتمنى يزيد حد التحويل 10 مليون للمحفظة الخاصه,5,1
تجربة جديدة مع بعض الملاحظات قلة المنافذ والرسوم المرتفعة,5,1
السلام عليكم ورحمة,5,1
جميل,5,1
جيد,5,1
جميل,5,1
منتاز,5,1
ممتاز,5,1
تطبيق سيئ لان اكثر من مره اخلي رقم الجوال لحته أفعله بطاقه وماتنبعث الي رساله ولتاكيد أكثر من رقم جربته نفس حاله,1,0
جبد,5,1
Goodorety,5,1
جيد,5,1
برنامج زبالة بمعنى الكلمة كلما تصور مستمسكاتك ينطيك فشل واجراءات معقد بحيث المصارف ما معقدينها هيج شركة زبالة وطايحة حظها وتطبيقها انكس منها,1,0
جيد,5,1
ريد توصيل ول بطاقه مجاني راح تحسن شيكتكم وكل ناس تفرح الا تسون هاي الفكره راح تكون حسن وانه شخصين فرح,1,0
للأسف مذكور لا يتوافق مع إصدار هاتفي! أرجو جعله متاح لجميع إصدارات الهواتف.,1,0
تطبيق رائع وممتاز جدا انه يختدم في الكثير من الامور وفعال انصحكم في تجربته اذا انت كنت في غير محافظه وطلب منك شخص شخص ما كل ما عليك فعله هو ان تضغط ضغطه واحده او ضغطه زر تحويل الاموال المحلية وسوف تصل الاموال له فورن وانصحكم انت جربون هذا التطبيق انه تطبيق ممتاز زين كاش تفيدك بكل مكان اوزمان وراح هوس لكم هوسه ها ها ها هاه تفيدك والله تفيدك بس نزل تطبيق زين كاش راقي ممتاز انه صديق رائع ينفعك في كل مكان ولكن شغله وحده ضوجتني بالتطبيق زين كاش ياخذون عموله عاليه جدا لذلك اقترح عليكم ان تخفضون سعر ال,5,1
اني عندي ماستر الرافدين اكدر اطلع بطاقه ثانيه من زين كاش لو مايصير لان عندي بطاقه ارجو الرد,1,0
روعه,5,1
تطبيق مفيد جداً,5,1
اسوء خدمة، بطيئ,1,0
غاية الروعة والصدق والأمانة وشكرا جيده جدا,5,1
افضل تطبيق,5,1
ممتاز,5,1
جيد جدا,4,1
جيد,5,1
ممتاز جدا جدا انصحكم بتنزيله,5,1
زين كاش صاير غالي حته بشحن مال بوبجي يعني فرق جبير هو ثاني شي ليش هيج مغلين هو توصيل البطاقه ليش ٣٥ الف غاليه هيج ويه توصلي ٤٠ الف,2,0
ممتاز,5,1
ممتازه,5,1
جيد جميل جداً,5,1
جيدة جدا,4,1
جيد جدا,5,1
رائع جدا,5,1
برنامج رائع وخدمات مميزه..,5,1
تٌطِبًيَقُ مًمًتٌآزٍ جّدٍآ قُمًةّ آلَروٌعٌةّ وٌآلَجّمًآلَ آلَحًقُيَقُيَ,5,1
تجربتي معه غير موفقه صار اسبوع اريد اعمل محفظة زين كاش وبعد عناء تصوير المستمسكات ونجاح عملية التصوير الشخصي تأتي رساله فشل عملية تحميل المعلومات حاول مرة أخرى... حاولت عشرات المرات نفس المشكله وعندما اراسلهم يجيب عديم الفائده المجيب الآلي اتصلت برقمهم اللامجاني بدون فائده... لذلك صرفت نظر عن هذه الخدمه,1,0
روووعه,5,1
جيده,5,1
جيد جدا,5,1
جيد جدن,5,1
جيد جدا,5,1
مرحبا فريق زين كاش.. ارجو ان ترجعو خاصية الفيزا الافتراضية بدون جواز السفر لصعوبة الحصول علي,1,0
راقيه,5,1
🥰,5,1
جيده جدا,4,1
جيدة,5,1
لدي فيزا كارد من زين كاش امتياز لكن لاتعمل ولااحدي يتعامل بها ماهوالحل🤔🤔,5,1
روعه,5,1
لم يحدث لااستطيع الدخول للمحفظه,5,1
لايقبل تسجيل دخول,1,0
جيد لكن اكره العمولة,2,0
جيدة,5,1
جيده,5,1
ممتازة,5,1
تطبيق يلح بل تفاصيل,1,0
جيدا,5,1
جميل,5,1
افضل برنامج تم تنزيله,5,1
تحت التجربة,5,1
جيد,5,1
جيد جدا ممتاز,5,1
جيد جدا,5,1
المحفظه حلوه بس ماعندي فلوس فارقه,5,1
كذب في كذب الصورة لو تجربها الف مرة تطلع غلط,1,0
سيء جدا جدا جدا,1,0
ممتازه,5,1
شنو سعره,5,1
good,5,1
كل كافي عليه كل ساعة يطلب رمز السري اضيف رمز السري يكلي غلط ولد الاوادم غير انتو قبل ثانية دزيتو الي,1,0
ليش وية كل تحديث لازم ندخل رقم ورمز ورقم البطاقة الوطنية والله مليت والله مليـــــــــت والله ملــــــــــــــــــــيت,1,0
ميفتح البرنامج اتول رقم البطاقة وميفتح,5,1
جميل,5,1
جيد,5,1
ممتازة,5,1
تطبيق راقي شكرا جزيلا,5,1
جيد جداً,5,1
روعة,5,1
المشكلة الي جاي اعاني منها عندما اريد رفع الجواز لتفعيل المعاملات الدولية ..ميطلب صورة الجواز ..وانما يطلب البطاقة التعريفية وعند اكمال تصويرها من الجهتين ..يأتي اشعار فشل العمليه ..ارجوا معالجة هذا الخلل..علما ان موضفين الخدمة بطيئين جدآ بالرد,2,0
لماذا ليس موجود رصيد كورك,5,1
جدا مفيدة وجيد ولكن كلمة اريد تصحيح الاسم لم يجوبوني بل وتساب,4,1
راقيه ومفيده جدا وسهلة الاستخدام عاشت للايادي,5,1
برنامج فاشل,1,0
🔥🔥✅✅👍🏻👍🏻 ⭐⭐⭐⭐⭐,5,1
تطبيق ممتاز.. ولكن بطيء في العمل والانتقال بين الخيارات,5,1
خطوة اضافه الجواز للشراء خطوة غير موفقة اتمنى الغائها,1,0
تطبيق ممتاز جدا,5,1
تطبيق جيد,5,1
جيده جدا,4,1
جيد جدا,5,1
جيد جداً..,1,0
جيد جدا,5,1
جيد جدا جدا جدا جدا جدا,5,1
تطبيق جيد,5,1
استلام اموال من ويسترن يونيون ولكن لن تضهر في المحافظة زين كاش ولن استطيع استلامها أرجو حل المشكله باسرع وقت ممكن.,1,0
ازي استخدم التطبيق برقم مصري؟,1,0
جيد جدا,5,1
تطبيق جيد لكن كثيرا ما اعاني عند تحويل الاموال بسبب الضغط,5,1
جيد,5,1
لماذا تتكرر التقاط الصوره عدة مرات دون الاكتفاء بمره واحده وبدون جدوى,5,1
البرنامج جيد وسلس لكن لو يرفع عدد السحبات في اليوم الواحد من ١٠الى٢٠ يكون افضل,4,1
تطيبق ممتاز يحفظ فلوسك وسهولة استخدام وسهولة تحويل,5,1
مضبوط,4,1
لا يوجد استجابة لمعالجة المشاكل بالرغم من التواصل على الهاتف وعلى الواتس,1,0
جيد,5,1
تحيه طيبه ولله إذا ما حليتو هاي مشكله لعد انتي متشتغلون رعمي سوي تحديث مجاي يبصم وجه هوا اصلا وجهي زباله تطبيق,5,1
روعة ...,5,1
تطبيق جيد,5,1
السلام عليكم هل استطيع سحب الارباح من Sweat Walletواحوله لاعندكم,5,1
جيد جداً,5,1
زبالة,1,0
برنامج زباله,1,0
خدمه العملاء جدا ضعيفه والاجابه تتاخر ايام لحل مشكله بسيطه للاسف يرجى الانتباه لخدمه العملاء لان هي جهه خدميه لحل مشاكل,1,0
روعة,5,1
دائمين التوفيق,5,1
كل معلومات ادخلها يقول فشل خطأ وهي صحيحة,1,0
اصبح فاشل التطبيق لماذا,1,0
اسو برنامج اتعامل وياة من كل ناحية,1,0
العموله كلش كلش اهواي على أبسط الأشياء عمولتها عاليه اتخيل سحبت مليون ونص العموله 20 الف؟!!!؟,2,0
يومية مخلينه تحت الصيانة وموقفين الخدمات البيه ، وشلون خدمات هنه هم ، وعلى يوم اطگه بحذف، بس غير غصبا عليه جاي استعمله، من قلة الخيل......,1,0
جيدة,5,1
غير جيدة وغير مرضية,2,0
برنامج جميل جدا,4,1
جيد جداً,5,1
سلام عليكم ورحمة الله وبركاته... برنامج زين كاش مميز جيدا ومريح ومن خلاله سهل لنا كثير من الامور ومنها التسديد المستمر لمؤسسة العين الخيرية وبطريقة سهله ومريحة خففة عنا الذهاب الى مقرات المؤسسة.... وان الاموال التي ندفعها تصل ويتم استلامها بوصل من المؤسسة ويضاف المبلغ الى الرصيد.... والحمد لله والشكر والله يوفق الجميع لكل عمل خير ودمتم سالمين,5,1
نتمنى تعبئه المحفضة عن طريق PAYEER او عن طريق محفضة Airtm,4,1
جيد جدا,5,1
برنامج فاشل بكل معنى الكلمة ولا اوصي به اطلاقا، الف مرة يريد ياخذ صورة للوجه ويعيد ويكرر وللتالي مايميز الوجه، سووها بصمه واكو هوايا طرق تكدرون تسوون بيها اثبات الشخصية او ابقي الصورة اخر فقرة، المهم حذفته للابد..,1,0
جميل,5,1
تطبيق جيد,5,1
تطبيق ما يستاهل ولا نجمه لان لم يسجل دخول باجهزه زين,1,0
برنامجكم زباااالة تدرون ليش لان ينترك اسبوع او شهر يطلب دخول ورقم هاتف والرمز . ممل الله وكيلكم ماعندكم إمكانية اسويلكم برنامج فكونا من هل الفشل,1,0
حلو,5,1
لايعمل,1,0
جيد جدا,5,1
تطيبق يستمر بل خروج,2,0
🔥🔥حللوووو,5,1
جيد جداً ومفيد,5,1
عاوي,1,0
جيد جدا,5,1
سي جدا الايمكنني التسجيل,1,0
جيده,5,1
شكرا,5,1
♥️♥️,5,1
غير شغال نهائيا نرجوا صيانته,1,0
جيد جداً,5,1
ممتاز,5,1
تطبيق مزعج و قبيح و صعب يبط الگلب,1,0
روعه روعه روعه روعه روعه روعه روعه,5,1
تطبيق فاشل يعني معقوله شركه شگدهه وبيهه مئات المهندسين محد يگدر يطور تكدر تدخل على المشتركين بلراوتر وتگدر تحضر اي جهاز,1,0
سيئ جدا,5,1
جيد,5,1
تطبيق فاشل انصح بحذفة لانه يتوقف,1,0
اني اول مره أنزله ولله,4,1
هاذه التطبيق يستحق أكثر من ٥نجوم,5,1
التطبيق لا يستجيب,1,0
تم,5,1
يا اخي البرنامج يرفض تسجيل الدخول رغم صحة المعلومات ولاكثر من شهرين احاول التسجيل ويقول المعلومات خطأ رغم صحتها لماذا لا يتم اصلاح الخلل رغم انه كل المعلقين يذكرون ذلك,2,0
انه تطبيق جميل,5,1
من يخلص الاشتراك بصعوبة اشترك الا افتح نت من تلفوني يالله يشترك صعوبة وعبي اول مرة عن طريق إرسال رصيد عن طريق زين كاش وبعدين افتح نت من تلفوني وبصعوبة اشترك لو المشكلة بي التطبيق والاجهزة لو المشكلة في العاملين في الشركة يعني الزبون يريد يشترك وبصعوبة يشترك الرصيد يوصل ما يشترك وبصعوبة يحتاج تحديث يكون سهل الاشتراك ومصمون,2,0
هناك مشكله في تسجيل الدخول,1,0
التطبيق لا يستجيب عند تسجيل دخول تظهر رسالة حدث خطأ ما يرجى اصلاح المشكلة,1,0
برنامج فاشل جدا اتمنى صالحه,1,0
فاشل فاشل فاشل التطبيق وكل ما اتصل بالشركة يتم ابلاغي سوف نقوم بحل المشكله ويكذبون,1,0
تطبيق غير جيد لا يسجل دخول ويقول حدث خطأ,1,0
سيئ وهناك مشاكل بتحديثة ويظهر اخطاء,1,0
تطبيق فاشل,1,0
لا استجيد تسجيل الدخول ارجو الانتباه,5,1
السلام عليكم ورحمة الله وبركاته لا يمكن التسجيل يقول حدث خط في تطبيق زين,5,1
انه لا يعمل,1,0
نت جيس حب ما يسوه ربع دينار عراقي التطبيق هم زباله و النت زباله و كل شيء بي زباله,1,0
التطبيق لا يستجيب لايمكن التسجيل تظهر عبارة حدث خطأ على الرغم من الاتصال بالشركة لم يستطيعوا حل المشكلة دخلت لارى المراجعات تبين ان المشكلة عامة وهذا يعني ان موظف خدمة الزبائن يكذب كونه اخبرني بان التطبيق يعمل !!!,1,0
هنالك مشكلة في تسجيل الدخول,1,0
يعتبر هذا التطبيق مقياس للفشل لا يمكن التسجيل به فاشل فاشل فاشل,1,0
التطبيق فاشل جدا ولايقبل بانشاء حساب جديد,1,0
تطبيق لا يعمل سي للغاية,1,0
azrb tatbek,1,0
تطبيق سيء. جداً بي لود كلش قوي وما يفتح,1,0
مشكلة في تسجيل الدخول,1,0
البرنامج يتوقف ويخرجني من الواجهه,1,0
تطبيق فاشل لايستجيب,1,0
لا يستجيب,5,1
النضام سيئ,1,0
حته نجمه وحده ما يستحق شركه فااشله البعد الحدود لا خدمات زينه لا عملاه براسه خيرر,1,0
حدوث خطا تطبيق فاشل مايسجل دخول,1,0
افشل تطبيق,1,0
لخاطر الله سولكم شي بي خير . يعني شلون افعل الرقم وهو بالراوتر وانتم ترسلون الكود برساله . شلون اطلعها . منو صاحب هاي الفكره لو يجي ماسك بنفسه مايحلها,1,0
التطبيق لا يستجيب ،ويعطي عبارة ،حدث خطأ،عند تسجيل حساب,1,0
جيد جدا,5,1
التطبيق متوقف رغم اني عندي حساب التطبيق لايعمل ارجوا متابعة المشكله,1,0
البرنامج فاشل مايستاهل ولانجمه ..عاطل عاطل عاطل فاشل فاشل فاشل,1,0
برنامج سيء جدا,1,0
أواجه مشكلة كلما اسجل اشتراك آخر خطوة بعد ميرسلولي الرمز تطلع رساله حدث خطأ ما زين شنو هو الخطأ مادري جربت بغير جهاز هم نفس المشكلة,1,0
ارجو اصلاح بعض الاخطاء مثل تسجيل الدخول,5,1
موتني التطبيق صار يومين اريد اسجل حساب ميدخل موتني شني السالفة,5,1
التطبيق لا يستجيب في التسجيل وتظهر عبارة ( عذارا حدث خطأ ما) ما المشكلة !!!!؟؟؟ ويبدو المشكلة مع جميع المستخدمين,1,0
لا يمكنني تسجيل الدخول في البرنامج تظهر لي رسالة عذرا حدث خطأ ما شركة بحجم شركة زين غير قادرة على اصلاح خلل بسيط في البرنامج هذه كارثة,1,0
راقي,5,1
لا يمكن تسجيل الحساب,1,0
انه مستخدم نت ظعيف جدا سيئ,1,0
كلما اردت تعبئة رصيد او الدخول الى التطبيق تظهر مربع حوار (خطأ داخلي),1,0
مديسجل حساب,1,0
ماينتصب عندي هذه البرنامج كل ما ادخل رقم موبايلي ايكلي هذه الرقم لايوجد في النظام ممكن مساعده,1,0
التطبيق يحتاج تحديث شوكت تنزلون تحديث جديد,1,0
البرنامج بدائي ومتخلف ولا تفهم منه شيء نرجوا من القائمين على البرنامج تحديثه و تطويره,1,0
انه لا يعمل بشكل جيد,1,0
الفائدة الوحيدة لهذا التطبيق هي اعادة شحن الرصيد جميع الإضافات الاخرى لا تعمل بشكل سليم حتى الرصيد المتبقي وعدد الكيكات لا تظهر في كثير من الاحيان برنامج مزعج,1,0
التطبيق لايعمل,1,0
تطبيق لا يعمل,1,0
ماعرف ليش ميقبل يسجل دخولي اكتب رمز ال الانترنيت يطلع خطأ,1,0
تطبيق لا يعمل,1,0
التطبيق لا يعمل,1,0
ما دا يفتح البرنامج واخابر الشركه صار اسبوع ما دا يلكون الحل اخري شي اتجه ارفع دعوه احسن,1,0
جهاز راقي بس البرنامج مايتفعل والموظف المختص ماجي يحل المشكله,2,0
تطبيق لا يعمل بمجرد الدخول له يخرج مرة ثانيه وتظهر عبارة خطأ داخلي ارجو حل الموضوع,1,0
عطيتكم نجمه حتى اقللكم برنامج فاشل بمعنى الكلمه,1,0
جيد جداً,5,1
برنامج كان جيد بس سابق بس هسه كلش مو زين ارج تعديل من الاخوه القامين على هذا البرنامج,1,0
Ohio,5,1
عندي راوتر زين ما يتفرمت و ما عرف رمز شسوي,1,0
❤❤,5,1
التطبيق لايعمــــل لايقبل التسجيل اذا كان التطبيق ملغي يرجى حذفة ....جاري الحذف التطبيق,1,0
رووووووووووعه,5,1
جيدا جدا,5,1
Ok,5,1
جيد,4,1
فاشل ومتوقف ما يسجل دخول هاي انتو العراقيين من تريدون تطورون تزربون بالسالفه اضبطو التطبيق يا دبش لو حايرين بس شلون تبوكون فلوس العالم والله لو ما الكورك ضعيف فلا اشتري الزين بنعال على هالخدمات الزباله والشبكة الزباله,1,0
عندما ادخل الرقم وكلمه للمرور ايكول عذرا لا يمكنك تسجيل الدخول لان الرقم الشريحه غير مسجل,1,0
تطبيق كل حض مابي، مايعرفون يقدمون خدمات بيهه خير بس فالحين بالخمط,1,0
فاشل مثل الشركة النصبته,1,0
برنامج رائع و جيد جداً,5,1
ممتاز,5,1
جيد لالخلتللاللنلالللاللا,5,1
نفس المشكلة يعاني منها الكل تطليق مايقبل تسجيل الدخول والموظف المختص ماعنده حل,1,0
سوو المفتوح ٢٠ الف حتى نقدر نقول تستحقون التقدير,5,1
التطبيق لا يمكن تسجيل الدخول واعداد حساب فيه، عن عمل الحساب وتنتهي من كل الخطوات وتصل لمرحلة كتابة رقم التحقق ويتم التحقق، بعدها يقول هنالك خطأ اعد المحاولة؟؟ على شؤكة زين الاهتمام بالزبون والعمل على حل هذه المشكلة الكثير من المراجعات والتعليقات لديهم هذه المشكلة ومنذ اكثر 4 اشهر الا يوجد متابعه من قبلكم والعمل على حل المشاكل؟؟؟؟ التطبيق لا يستاهل ولا نجمه,1,0
التطبيق ممتاز,5,1
يخرج وحده من البرنامج لو يطلعلي تم ايقاف التطبيق المشكلة صارت عندي بتاريخ 2024/8/29 و من ادوس على حصل هديتك كلشي ماكو !!,2,0
جديد,1,0
سيء جدا,1,0
التطبيق متوقف حاليا يرجى اصلاحه,1,0
حدوث عطل بجهاز زين فاي و عند مراجعة فرع شركة زين في محافظة النجف الأشرف لم يبدوا أية مساعده و أضطررت لترك الجهاز و التفعيل على الخط و المشكلة الأخرى أن أشارة النت في منطقتنا أصبحت شبه موجوده و قمت بالأتصال بالشركة لأكثر من عشرة مرات بفترات و أيام متفاوته و أبلغني أحد موظفيهم بأن خلل فني ببرج الأثير القريب منا و لم يتم أصلاح الخلل احد الآن ( المشكلة مستمرة لأكثر من شهرين) مما أضطر أغلب أهالي المنطقة للأشتراك بشبكات أنترنت أخرى كشبكات شركة آسيا أو الأبراج الأهلية أتمنى أن تكونوا قدر المسؤولية,1,0
التطبيق ممتاز بس في مشكله امعلق وما يقبل تسجيل دخول ارجو اصلاحه اباقرب وقت ارجو ارجو 😔🫵🏻👍🏻,1,0
لاطش مايسجل دخول تجي رساله بيهه رقم ادخل الرقم يطلع عذرا كررت العمليه نفس الحاله,1,0
ازبل شركة وتطبيق,1,0
تطبيق فاشل,1,0
التطبيق ممتاز. بس في مشكله امعلق وما يقبل تسجيل دخول ارجو اصلاحه اباقرب وقت. والتطبيق يستاهل اكثر من خمس نجوم يستاهل,5,1
كان برنامج ممتاز بس حاليا ادخل على برنامج يطلب تسجيل دخول اسجل دخول ما يفتح يرجى حل المشكله لانو ما يفتح عندي الحساب,2,0
شركه فاشله نتها فاشل خدمتها زباله اسعارهم مبالغ بيها ولراوتر غالي وفوكها رديء مرتين جربنه لزين وبلمرتين اثبت فشله انصحهم يعزلون,1,0
برنامج فشل كام مايدخل للحساب يطلعلك كلمة السر خطأ وهوة صحيح,1,0
اسوء انترنت جربته زين فاي اوصي بعدم الاشتراك به,1,0
يرجى اضافة ميزة ضهور المتصلين في الجهاز مع اضافة ميزة التحكم في حضر الاجهزه,1,0
تطبيق فاشل ولا يقوم بالتسجيل ابدا,1,0
مايسجل دخول,1,0
جيد,5,1
التطبيق لاعمل بشكل جيد ويختاج الى تحديث وتطوير اكثر والمشكله الاساسية هي عند تعبئة الرصيد لايضر الرصيد في الحقل المخصص اي الرصيد صفر مع اني قمت بالتعبئه هذه مشكلة نرجو حلها ولا انطر الى حذف التطبيق,2,0
تطبيق مهم لاستخدام جهاز الزين فاي,5,1
تطبيق فاشل وارجو عدم التحميل لانهم كذابين ولا يعمل كلما تسجل والمعلومات صحيحة لا يستجيب ويجعلك تكرر المسألة مرارا وتكرارا لعنكم الله,1,0
يابه تطبق فاشل وشركه زين همين فاشله تسوي شغلات فاشله ومالها داعي,5,1
جيد,1,0
فاشل,1,0
التطبيق لا يعمل غير قادر على تسجيل الدخول والمعلومات صحيحه,2,0
نهائيا فاشل,1,0
روعه,5,1
فاشل,5,1
برنامج فاشل ما يسجل دخول على نفس الحساب تدخل كلمة السر القديمة ميدخل ترجع تدخل كلمة الافتراضية هم ميدخل نرجو حل المشاكل المتعلقة بالبرنامج لكي يعمل بصورة صحيحة مع تحياتي وخالص شكري وتقديري للقائمين على البرنامج,1,0
فاشل,1,0
فاشل لا يعمل,1,0
فاشل مايسجل دخول,1,0
تطبيق فوق مستوى الفشل وتتصل على الشركه يكولون تطوير البرنامج وصار شهر ونفس الموضوع,1,0
فاشل ما يصير بيه حساب,1,0
سيء جداً,1,0
فاشل بامتياز لا انصح بتنزيله فاشل فاشل,1,0
تطبيق فاشل جدا والخدمه جدا رديئه خاصتا العاب البليستيشن وداون لود,1,0
كالعادة.... خدمة فاشلة فاگسة... يعني شتنتضرون من زين غير كل شي موزين🥹🫣,1,0
الخضيض يا سادة,1,0
مشاكل متخلص,1,0
برنامج سلس وممتاز,5,1
التطبيق مزيف لايقبل في كل الحالات لا الواجهه ولا الباسبورد ولا الرقم ولا يستحق نجمه واحده ع الاطلاق . يرجى تحديثه من المصدر,1,0
متاز,5,1
مليان مشاكل التطبيق كلش هوايه يورطني مايفتح من اريد اجدد الاشتراك,2,0
ما اكدر اسوي حساب جديد يطلعلي خطأ,1,0
ممتاز,5,1
جميل,5,1
ممكن مقترح اضافة الدفع الالكتروني عبر الماستر في تطبيق زين فاي الخاص بالراوتر المنزل,5,1
تطبيق فاشل,5,1
سلام عليكم حبيبي ليش ما اكدر استخدم زين فاي,1,0
ياريت تحلون مشكلة الباسوورد ..غيرت الافتراضية وتورطت ..مدياخذ اي شي حتى من اكتب عدم تذكر الباسوورد ..ماينطيني اي حل !!!,2,0
كتطبيق فأنه ولله الحمد فاشل بأمتياز ولكن كخدمة انترنيت فأنها لا بأس بها العيب فقط في تطبيق فودو الخاص بالافلام والمسلسلات احيانا يتوقف بدون سبب،الاخوان الذين يشكون من ضعف الخدمة يعود ذلك الى ان تغطية شبكة النقالىفي مناطقهم تكون ضعيفة.,1,0
تجربة سيئة وبمنتهى المرارة,1,0
افشل برنامج بلعالم,1,0
تطبيق فاشل,1,0
تطبيق فاشل,1,0
جيد,5,1
جيد,5,1
فول,5,1
تطبيق فاشل والنت فاشل عيب عليكم تظحكون عالناس النسخه ال3 الحديثه فاااااااشل ولاتستحقون ولا نجمه,1,0
برنامج فاشل,1,0
ما تگدر سجل دخول ليش ما جاي اعرف هاي غير النت التعبان مع انو اشتراك ابو الـ50,1,0
البرنامج فاشل,1,0
التطبيق جداجداجدا سخيف وفاشل وخره وزربه,1,0
ممتاز بارك الله فيك,5,1
التطبيق فاشل جدا لا استطيع تسجيل الدخول للتطبيق,1,0
فاشل جدا ما يسجل ولا اكدر اشوف تفاصيل الاشتراك امسحو احسن,1,0
ZainFi,5,1
سيء جدا,1,0
روعة,5,1
اولا تطبيق فاشل يعني اني مخلي الشريحه بداخله من ترسلون كود التفعيل اله اطلع الشريحه اخليها بتلفون ثاني ومدة الكود ٢٠ ثانيه ليش متخلون نضام الرسالة بداخل التطبيق وبعدين التطبيق والراوتر غير الدخول للتطبيق يكون نت مجاني من تخلص اشتراك ترجع تشيل الشريحه وتعبيها وتشترك يلا تكدر تستخدمه ووووووو وهواي سلبيات شركة زين شوكت تشبعون انتو الخاطر الله,1,0
انترنت جدا سيئ مع العلم الاشتراك نايترو الاعلى فئه,2,0
ممتع,5,1
فاشل لايعمل لا يستحق ربع نجمه,1,0
تطبيق فاشل,1,0
التطبيق لا يعمل ويظهر لنا خطأ نطالب بتعديل التطبيق والان جار الحذف,1,0
ممتازة,5,1
لايمكن تسجيل الدخول,1,0
سياء جداً ونت ضعيف معه لعلم مفعل ابو ل 50,1,0
برنامج لايعمل عدي ادخل المعلومات اومايصير عدي ارجو منكم حل المشكله,1,0
فاشل جدا ما جاي يتفعل عندي صار بالشهر اراسل الشركة لحد الان ما سولي اي حل,1,0
زين فاي زين العراق 🇮🇶,5,1
جيد,5,1
ضعيف وفاشل,1,0
النت سخيف جدا وأنصح بعدم شراء زين فاي والتطبيق معقد جدا لازم تكون متصل على الراوتر والرسالة تجي على السيم كارد يعني لازم تخرج السيم كارد وتشغله على موبايل وبعدين تجيك رسالة وعندك كم ثانية حتى تدخل الكود ما أعرف ليش هذآ التعقيد وللعلم يعطيني خطأ كل مره ياريت تغيرون البرنامج وتفعلون برنامج اخر وياريت تهتمون بجودة الاتصال لان عملكم فاشل لحد الان,1,0
🤘,5,1
تطبيق فاشل جدا,1,0
زباله,1,0
يرجى اصلاح التطبيق حاولت عدة مرات لتسجيل حساب في التطبيق للاسف لم يتم انشاء حساب اما بالنسبة لجودة الانترنت فانها غير مقبوله,1,0
البرنامج لا يقبل تسجيل دخول ولا حساب جديد,1,0
اذا ما يسجل دخول او ينشأ حساب ع شنو مسوي امسحَو طايحين الحظ انترنيتكم السلحفاة اسرع منه,1,0
برنامج سيئ جدا عند ادخال الكود لايفتح يطلع فشل الدخول,1,0
سيئ,1,0
لايمكني تسجيل حساب جديد ولايظهر سجل هنا تطبيق جداً فاشل ارجوكم الاصلاح المشاكل,2,0
لايمكن فتح التطبيق يطالب بتسجيل حساب وعندما تحاول لايوافق على ذالك يظهر رسائل خطأ,1,0
فااشل لا يدخل نصب،والله العضيم,1,0
احله تطبيق,5,1
البرنامج لايسجل الدخول والانترنت ضعيف جدا علما سعر الاشتراك 50 الف ولكن سيء جدا جدا اتوقعه له الفشل اذا لم تعالج المشاكل,1,0
ضعف في الاداء وانقطاع مستمر ويتحول الى 3G لقد خدعتونا والتطبيق لايعمل,1,0
نجمه وحده ما يستحق التطبيق لا يعمل,1,0
Oktoberfest,5,1
لا يعمل,1,0
جيد جدا,5,1
برنامج فاشل ويحتاج الى تطوير وتحديث,1,0
تم,5,1
جيد جداً 😚🌷❤,5,1
لا يرسل الى رقمي رمز التاكيد,1,0
التطبيق يحتاج إلى تحديث كونه لايعمل بشكل صحيح,1,0
لم أجرب بعد اليوم بدأت وكانت خسارتي شهر كامل بسبب عدم تشغيل الجهاز,5,1
التطبيق كان شغالا ولقد لستفدت منة جدا لكن الان التطبيق غير شغال وهناك مشكلة في تسجيل الدخول,1,0
جيد,1,0
لا يعمل,1,0
فاشل,1,0
تطبيق فاشل,1,0
تطبيق فاشل لا انصح بتحميل هيج برامج,1,0
فاشل,1,0
تطبيق جميل بس المشكله مينفتح عندي ما اعرف ليش تحياتي,4,1
سيء جدا,1,0
تطبيق جداً فاشل لايمكن تسجيل الدخول اليه والشبكه جداً رديئه لا انصح باستخدامها مطلقا,1,0
فيه بعض المشاكل يرجى حل المشاكل البطأ في التحميل وغيرها,4,1
تطبيق فاشل جدا جدا,1,0
التطبيق فيه مشكلة بتسجيل الدخول,1,0
تطبيق جان يشتغل وهسه بيض,1,0
فاااااشل و24 ساعه بي اخطاء وما يفتح,1,0
برنامج ماجاي يسجل فاشل,1,0
التطبيق غير شغال!!!! ممكن حل المشكلة ؟ عند اغلب المستخدمين يظهر الباسوورد خطأ على الرغم من صحته,1,0
فاشلللللللللللللللل,1,0
البرنامج لايقبل انشاء حساب رغم وصول رسالة التحقق وكتابتها بالشكل الصحيح يكتب خطأ ارجو اصلاح الخلل,1,0
تم,5,1
التطبيق ما يسجل مستخدم جديد..! الرجاء حل المشكلة.,1,0
التطبيق لا يعمل عند تسجيل الدخول يتم ظهور عبارة انه تم توقف التطبيق,1,0
تطبيق لأ يعمل يطلب ادخال الرمز في كل مرة,1,0
البرنامج جدآ جميل,5,1
زفت في زفت خليتونه نندم على الاشتراك بهذه الخدمة الجايفة,1,0
ممتاز ويعطيك التحكم التام,5,1
لا يعمل,1,0
يعتذر تسجيل الدخول يرجى حل المشكلة بسرعة,1,0
قبل كان افضل من الان بعد ما لغيتم الاشتراك اليومي المفتوح 3000 لماذا لغيتوه,1,0
جيد جدا,5,1
Ok,5,1
قديم برنامج احسن,1,0
فاشل,1,0
التطبيق لا يعمل,1,0
التطبيق بيض,1,0
لايعمل,1,0
التطبيق لا يعمل حاليا ما هو السبب,1,0
التطبيق فاشل كل يوم مشكلة بتسجيل الدخول,1,0
برنامج سيء يخرج بكيفة والدخول البه بصعوبة . خطأ داخلي,1,0
فشل كلش,1,0
في البداية كان يشتغل بعدها لا يمكن الدخول إلى التطبيق (يكتب خطأ داخلي),2,0
تطبيق رديء او بدائي لكن نستخدمه مظطرين,1,0
فيه خطأ بالبرنامج عند تسجيل الدخول failed Internal Error,1,0
ارجو حل المشكله كلما اسجل دخول يكول خطاء داخلي ارجو حل هاي المشكله,4,1
التطبيق متوقف عن العمل ؟؟؟؟,1,0
تطبيق راقي جدا,5,1
التطبيق لا يعمل,1,0
فاشل تطبيق فاشل لا يعمل,1,0
فاشششل ما يفتح بي خلل,1,0
التطبيق لا يعمل ، وأي محاولة لتسجيل الدخول يقوم بإظهار رسالة عن حدوث خطأ,1,0
جيد تمنه طورونه اكثراشارا لقاط ومعدات منه وبي ويكون شهري بدون خط رصيد وعروض,5,1
ممتاز,5,1
لا يمكنني ربط زين فاي على جهاز الموبايل,1,0
لا يعمل,1,0
التطبيق سئ جدا,1,0
تحت تجربه,5,1
التحديث الاخير سي جدا يحتاج إلى تصليحات,1,0
ممتاز,5,1
رايعع,5,1
تطبيق فاشل فقط غيرت الشريحه لا استطيع الربط او الدخول إلى التطبيق وفيه مشاكل عديده سوو حل النت نايت. اشتركت والبرج فوق بيتنه والنت ضعييييييف,1,0
يرجى حل مشكلة تسجيل الدخول للتطبيق,1,0
لماذ لم يتفعل الرمز السري وهل يستخدم للراوتر فاي القديم,1,0
حلو,5,1
ليش مدا يسجل يكلي ماكو نت لعد شون مكنك بعد حته حساب مصار,1,0
تطبيق فاشل,1,0
مشكله كلمه المرور يقول غلط بس الكلمه صح ومتئكد منها حتى رستت الراوتر وما فاد,1,0
مرحبا ارجو حل المشكله لا يمكنني تسجيل على زين فاي ٢ رغم اني ادخلت الرمز صحيح ارجو تحديث برنامج وحل مشكله,1,0
فاشل,1,0
برنامج ممتاز,1,0
جيد جدا,5,1
لا يمكن تسجيل دخول وكل المعلومات صحيحة. تظهر عبارة غير متصل بالإنترنت,1,0
تطبيق رائع,5,1
عجيب,5,1
جيد جداً,5,1
التطبيق لا يعمل,1,0
تطبيق ممتاز,5,1
تم تنزيل التطبيق وادخال المعلومات وتم التفعيل وبعد اسبوعين ظهر اشعار بالتطبيق ان الحساب تم تحويله لحساب اخر ولايمكنني الدخول اليه ثانيه وسأعود للاشتراك الشهري لشبكة الايرثلنك,2,0
البرنامج لايعمل وعند محاولة تسجيل الدخول يقول جهاز زين فاي غير متصل بالانترنيت,1,0
لا يمكن تسجيل الدخول رغم ان كلمة المرور صحيحة يرجى حل المشكلة,1,0
ممتاز,5,1
جيد جدا,5,1
MAED IN,5,1
التطبيق فاشل وهذا يدل على عدم كفائتكم التطبيق مثل خدمتكم,1,0
ما يدخل الباسورد,5,1
جيد بس من تريد تسجل دخول يكفرك بالاسلام,4,1
نوعن ماه,4,1
جيد,5,1
هيج رواتر تافه وشبكة صگط ما شفت.. الى متى تضحكون علينه.. نصيحة لحد يشتري منهم قاطعوهم ذوله غشاشين وكلاوجيه.. قال اسرع شبكة قال,1,0
نرجو اضافه ميزة الحظر داخل التطبيق لحظر الأجهزة الغير مرغوب فيها,4,1
جميل,5,1
ما يستحق ولا نجمة,1,0
تطبيق فاشل انا منتصل على الشبكة يقول غير منتصل تطبيق فاشل بمعنة الكلمة ماكاعد ايسجل الدخول 😡😡😡😡😡,1,0
نصيحتي لكم لا تشتروا الجهاز و لا تتورطوا من اول شهر و لا يعمل و الفلوس راحت بالهوا كل شكوه اشتكيها اي سجلنه طلبك و لا جواب و لا خدمه ابقو على الايرث لنك اشرف,1,0
حلوو,5,1
كيف عرف كلمت السر زين فاي,5,1
جيد جيد,5,1
جيد جدا,5,1
ممتاز,5,1
شيفييييييييد,5,1
برنامج فاشل ولا يعمل,1,0
ممتاز,5,1
ممتاز,5,1
زين العراق,5,1
لا يستقبل اي معلومات أرجو حل المشاكل في التطبيق,1,0
برنامج بدائي جدا,1,0
سيء جدا,1,0
فاشل فاش فاش ساعه مايفتح البرنامج جاري التحميل,1,0
جْيَدِ,5,1
يجنننننننن,5,1
ممكن تحلون مشكلة تسجيل الدخوول يرحم والديكم صار اسبوع اريد اسجل دخوول للتطبيق وميقبل يسجل يگلي كلمة المرور او رقم الهاتف غير صحيح واني ممغيرهن اصلا وفرمتت وهم ردت اسجل دخول وهم مقبل شنو الحل,1,0
البرنامج لايعمل كل مادخل الرمز يرفظه,1,0
سي جدا ولا يعمل على الإطلاق دائما يقول الرقم خطا,1,0
لا يعمل بشكل جيد,5,1
لن يعجبني ابداً,1,0
اسخف برنامج لا يتمتع باي احترافية ولا يلبي طلبات المستخدم ايضا زين فاي ٢ جهاز اتصاله ردئ جدا وعندما تتصل بخدمة العملاء لا توجد اي معلومه فنية لديهم وانا خليت نجمة وحده حتى يفهم المستهلك مدى الخدمة التعبانه,1,0
لحد يتورط وياخذ زين فاي لان فاشل وبي لمت,1,0
لا يعمل,1,0
فاشله باامتياز شركه شكبرها وشعرضها متعرف تسوي تطبيق لدخول المعلومات لتطبيق واي فاي لانكدر نعرف الرصيد ولانكدر نشحن خط الواي فاي والله عيب احنا بسنه 2022 ومتعرفون تضبطون تطبيق لايعمل وفاشل مثلكم,1,0
برنامج جيد,5,1
ممتاز,5,1
حار,5,1
مبدعين كلش,5,1
ممتاز والتسجيل في غاية السهولة فقط ادخال رمز الراوتر وليس رمز ال(wifi),5,1
👍,5,1
غير جيد لايعمل بصوره جيده ارجو من المعنيين إصلاح الخطئ في البرنامج,1,0
تطبيق سيئ كلما ادخل الرمز يرفض ادخالة,1,0
البرنامج لا يعمل ولم يستقبل ادخال المعلومات .. نرجو حل هذه المشكله … تم الحذف,1,0
يذكر أن كلمة المرور خطأ. وهي ليست خطا,1,0
افشل شركة شهرين مشترك كلشي ما فتهمت الله لا يوفقكم ويوفق النايترو مالتكم,1,0
التطبيع لايعمل ويطلب ادخال رمز الدخول لكن على الرغم من ادخال الرمز بصورة صحيحة لكن التطبيق يرفظ الرمز ويكتب الرمز خاطئ على الرغم من أن الرمز صحيح,1,0
منتاز,5,1
روعه,5,1
شكد حاولت ومعلومات صحيحة وميدخل للجهاز البرنامج مديفتح🙂👍,5,1
سيء,1,0
جهاز روعه,5,1
تحت التجربة,5,1
ممتاز,5,1
ممتاز,5,1
شكرا زين وتجربه رائعه وتستحقون مليون نجمه شباب كافه اذا يقول لك كلمه خطا طبعا كلمه خطأ لان اسم وواجهة جهاز مكتوب خلف جهاز في أعلى يمين ملصق وهي اسم جهاز zain وباسورد zain،،، نهاركم سعيد 😊,5,1
شركه عملاقه ، كل التوفيق والنجاح,5,1
اكو مشكله بالتسجيل دخول,1,0
سيئ كل شوية غلط ف كلمة المرور,1,0
فاشل رغم كتابة المعلومات الصحيحة يعطي فشل,1,0
سيء جدا التطبيق لايعمل رغم ادخال المعلومات صحيحه,1,0
هل يمكنني الغاءحزمه الانترنت وكيف,5,1
لا يعمل,1,0
سئ جدا,1,0
جيد,5,1
ابىللااوتت,5,1
التطبيق جميل جدا شكرا لكم انصح الجميع بتحميله,5,1
برنامج سيء جدا رغم ادخال معلوماتي بصورة صحيحة الا انه يعطيني فشل,1,0
ممتاز جدا,5,1
افشل تطبيق وافشل جهاز,1,0
20 مره جاي اسجل مايدخل رغم كل المعلومات ادخالها صحيح. ليش ممكن رد ؟؟؟,1,0
التطبيق لا يعمل,1,0
انا جايبه,5,1
تطبيق جميل,5,1
بعد التحديث فشل لايعمل عاطل,1,0
يا جماعه ده نيت مجان ولا شي تاني😐😐😐😐,1,0
بس فهموني شلون ادخل للتطبيق او رمز استخدم رحمة لوالديكم,2,0
روعه,5,1
يارمز اتخلي مايفتح,1,0
فااااشللل,1,0
تجربة سيئة البرنامج لا يعمل وكتبت كل شئ بصورة صحيحة,1,0
تم تحميل برنامج زين فاي ولم أحصل على الهدية 1G .,1,0
لا يتقبل معلومات الدخول لابد من تصليح الاشكال ليتسنى لنا تجديد باقة الأنترنت,1,0
التطبيق لايقبل تسجيل الدخول على الجهاز,1,0
ممتاز جداً,5,1
برنامج تعبان دخل اابيانات ويطلع خطا خبلنه نتصل وماكو نتيطه نوصل للحل,5,1
تم,5,1
تجربة سيئة جدا لا يمكن تسجيل الدخول للبرنامج رغم ادخال المعلومات بصورة صحيحة,1,0
لايمكن الدخول,1,0
برنامج ممتاز واحد جيجا مع تحميل التطبيق,5,1
برنامج لايعمل حته لو كتبت المعلومات لايعمل فاشل جدا رجعو التطبيق القديم,1,0
سيئ,1,0
البرنامج لا يعمل,1,0
تطبيق فاشل بمعنه الكلمه حته نجمه ما يستاهل 🤮,1,0
جيد جدا,5,1
برنامج تعبان ما انصح احد ينزله,1,0
ممتاز,5,1
جيد,5,1
"التطبيق سهل الاستخدام بسيط"" لاكن اسعار الاشتراك هواية مبالغ بيهة 50$ ؟؟؟",5,1
وين هديه,1,0
عنز,1,0
يمعودين شلون اسجل بي اكتب الرقم ولباسورد يكلي خطئ ارجو حل المشكله بمقطع فيديو,1,0
سيئه,1,0
البرنامج لايعمل يعطي خطأ رغم المعلومات صحيحة,1,0
التطبيق لايسمح بأنشاء حساب,1,0
التطبيق لا يعمل ارجو حل هذه المشكلة,1,0
شنو يكلي هذا الخط دفع اجل الخط نفسه لي اجه وياه اني ريد بس اغير الرمز الروتر شنو هاي الاجرائات المعقدة تطبيق فاشل بختصار,1,0
فاشل,1,0
البرنامج فاخر ويغني عن برنامج زين الاساسي للدخول ع الراوتر,5,1
كذابين نصابين,1,0
تطبيق فاشل لايعمل,1,0
يعيش الشعب العراقي,5,1
برنامج لا يعمل,1,0
راوتر زين فاي( الجيل الثاني )وعن تجربة شخصية افشل شبكة استخدمها بحياتي البنك اببجي دائماً 200 و900 و 150 هذا الطبيعي اما اذا كل قوته والفجر رح ينطيك بنك 80 ومستحيل ينزل 1 جوة ال 80 بينما بقية الناس بنكهم 20 و 40 الفجر فصراحة فاشل وشفت شبكة البيت الي عندي اقوى بمراحلللللللل عنه,1,0
البرنامج لا يعمل حتى اذا كتبت المعلومات صحيحه ومن نتصل على خدمه الزبائن مخلين موضفات لايحلن ولا يربطن,1,0
افشل شركه,1,0
مو عم يشتغل,1,0
ليش ادخل كلمه المرور يطلع خطأ,1,0
شكرا جزيلا لكم,5,1
شكرا زين العراق,5,1
ممتاز جيد,5,1
حياتي,5,1
بعد التحديث اصبح البرنامج لايعمل… فاشل,5,1
جاي انزل التطبيق وما ينزل شنو سبب المشكلة,1,0
سرق لا تحملوه,1,0
تطبيق مفيد,5,1
ميقبل يسجل دخول,1,0
برامج جدا ويفيد من يمتلك الفلوس,5,1
كلش زين,5,1
سيى والنت كلش ضعيف ارجو حل مشاكل النت اودي,1,0
أكثر من رائع ❤ تحياتي واحترامي لكم,5,1
ممتاز جدا 👍,5,1
حبيبي,4,1
جيد جدأ بأسم رعد محسن حسين الجيتاوي,5,1
جيد جدا,5,1
مميز فعلا.,5,1
راءع,5,1
رجاء تحديث تطبيق،، 😭😭😭,5,1
جيدا جدا,5,1
كلش حلو بس ياريت تنزلون لعبه كود موبايل بل تطبيقات المجانيه بدل فيفا,5,1
فتح بطي,5,1
Good,5,1
جيد,5,1
برنامج واحد وايد حلو ويعلمون خوش خمس نجوم,5,1
راقي راقي,5,1
روعة,5,1
هنالك مشكلة عندما اكون متصل بالانترنت عن طريق الشريحة ويتصل بي شخص اخر ينقطع الانترنت عن الجهاز لماذا,4,1
ممتاز,5,1
مو حلو زربه على هيجي تطبيق,1,0
جيد جدا,5,1
مسح,5,1
روعة ومفيد,5,1
باقات ممتازه وجميله تقييمي الكم ٥ بلا شكك,5,1
تطبيق رائع وخدمات فوول لكن من اجيت اجدد الاشتراك يطلب مني تسجيل دخول و يطلب رمز والرمز ما جاي يوصلني,4,1
ميصير ادخل حساب لتطبيق اوودي ومن اتصل ع الخط اوودي بغير رقم يكلي غير داخل بلخدمه,1,0
جيده,5,1
تطبيق جيد جدا مشكله يوجد بطئ قليل في الانترنت,4,1
مو زينه,2,0
بسبب خدمتكم هاي التعبانة بالبداية جانت شي وهسه شي ثاني تماما بس انقهرت على خطي مشتري من 2006 ذبيته بالزبل بسببكم اريد ارجعه أثير ما تقبلون لذلك حاليا تركتكم وانتقلت ل اسياسيل شركة زين دتخسر عملائها بسبب اودي ولا دكلي تواصل ويانا ومايكون بخاطرك الا طيب لان انتم اصلا ما تردون على احد خدمة العملاء صفرررررر,1,0
خدمات فاشلة ولا يوجد اجابات أو ردود للمشتكين ندمت على الاشتراك بهذه الخدمة,1,0
لماذا يعمل بشكل بطيء جدا أتمنى أن يعمل بشكل أسرع وخاصة عند تسجيل الدخول,1,0
اتمنى انا الي اختار التطبيقات الي تعجبني ومو انتم الي تحددون التطبيقات وجبروني عليهن,1,0
اسوء سيئين,1,0
خوش تطبيق حلو,5,1
جيد جداً,5,1
جميل ومفيد جدا,5,1
خدمه راقيه تحياتي لشركه اودي,5,1
جيد,5,1
جيد,5,1
احسنتم,5,1
اليش يروح رصيد وحده فعل خدمه رصيد يقل يوم بعد يوم اليش هل بوك,1,0
مانصح بتحميل وشىاء شريحه ازبل خدمه شريحه وتعامل من سيئ الى اسوء بداية اصدارهم كيكات تطول وتعبرك شهر واقل. هسه 7ايام متكفي نهب ينهبوك. مانصح بتحميل وشىاء شريحه,1,0
التطبيق ثكيل ودائماً كل مشاكل,1,0
جيد جدا,5,1
تطبيق شغلي بي وحلو بس طلعلي حاليان دنحدث التطبيق وليوم يوم الثاني ونت ماكو,5,1
الدعم الفني فاشل,1,0
الانترنت كلش ضعيف !!!,1,0
ممتاز,5,1
جيد,5,1
ممتاز,5,1
جيد,5,1
تطبيق ناجح للغاية ومفيد,5,1
جيد جدا,5,1
جيد,1,0
تطبيق جيد و بعض المميزات جميلة لكن .. النت ضعيف و يقطع بداخل بعض المدن مو بالخارج . وحتى شبكة الاتصال ضعيفة وممكن يتصلون عليه ويلگونه مغلق رغم الجهاز مفتوح والشريحة مفعلة وكلشي تمام . من تخلص الباقة ما تگدر تجددها الا تخلص مدتها او تشتري باقة اضافية وتعتبر غالية نوعاً ما ... من تريد تشترك ٣ اشهر حتى تحصل شهر مجاني ما مسموحلي اشترك بنفس عرض الشهر ، لا بل يحددوك بعرض محدد فقط و العروض يحتاجلها تجديد وتخفيضات واشياء افضل ..,2,0
راقي ويوفر على أصحاب الدخل المحدود فد نطالب ان يكون اكو تحويل من الرسائل الى التصال معه فايق الشكر والتقدير,5,1
جيد,5,1
شبابنه الطيبه ترئ الانترنت والمكالمات كلش حلوه بس الخلل بيكم انتم تشتركون باقه ام 15 الف اكيد الانترنت يصير ضعيف بل نسبه الي صار 4 سنوات مستمر 30 الف كل شهر وماعانيت من مشكله 🩵👍🏻,5,1
اخرا برنامج,1,0
جيده جدا,5,1
جدآ راقي,5,1
I hope they give me a game from Konmi,5,1
اكو نوع من الغش تطبيق انغامي مايشغل بودكاست فقط المسيقى القصيرة وكذلك تطبيق سبوتافي للعلم انا مختارهم ضمن الباقة,1,0
التطبيق لا يعمل,1,0
تطبيق روعه كلش مفيد 🤠,5,1
رهيب,5,1
بزدارخؤرا نى,5,1
سئ جدا,1,0
افشل تجربة نت سيء والدعم ابطئ من حياتي وما سوولي اي حل هو نتهم ضعيف من كاعه,1,0
ممتاز,5,1
كون يضيفون لعبت بيس على البرنامج,5,1
سلام عليكم اني مشترك بشتراك ابو 3 اشهر وهاذه الشهر الثاني وما يقبل البرنامج يعيد تفيل الشتراك صار يومين عل هاذه الحال واتصل عل شركه محد يجاوب واتواصل عل برنامج وتساب هم محد يجاوب اتمنه رد,5,1
مايفتح التطبيق شنو الي صار ممكن حل المشكله,1,0
تطبيق خايس بمعنى الكلمة فعلت باقة ال15 دولار وياها 4 تطبيقات مجاني من افعلهن يكولي اعد المحاولة وخلصن الكيكات بيومين رجعت اشتريت كيكتين ب3 دولارت ااخذو الدولارات ومنطوني الكيكات بعد ما استخدمة🤌,1,0
راسلكم ع ويتساب ماتردون..عبيت رصيد.وماجاي يتحول ع الخط اويتحول نت ارجو حل المشكله بسرع وقت,1,0
بيه خطأ كثير وتاخر دعم في رد لي حل مشكلة ولم يتم حل مشاكل اوجه,1,0
خدمه الانترنيت ضعيفه جدا وبدء عند تشغيل نقطه اتصال ابث لا تعمل,1,0
تطبيق رائع جدا,5,1
افشل تطبيق شفتة بحياتي يعني مثل برنامج زين العراق واسيا سيل ماكوو(احذفو احسن),1,0
برنامج فاشل شاشة بيضة صارها ٣اشهر سو الخلل,1,0
",جيده جديد",5,1
المكالمات جيد اما الانترنت ضعيف جدا جدا يحول من 4Gالى H+,1,0
روعه,4,1
جيد واتمنى اظافه اشتراك سنو للباقات,5,1
زين,5,1
ممتاز,5,1
جميل,5,1
عجبني,5,1
جيد,5,1
رراقي,5,1
رائع جيد جداً تطبيق ممتاز,5,1
شكراً على اوودي,5,1
اقسم بالله خط زباله حرام واحد يشترك ولو بدولار..صار سنتين مستخدمه وحاليا هذا اخر اشترك وراح اكسر الشريحه لان ضعفو الانترنت بالخط كلش تعبان جربت خط اسيا أفضل منه بهواي نت فول,1,0
جيد جدا,5,1
احسن خدمة,5,1
افشل شبكه انترنيت بالعراق حاليا اجوني للبيت بسبب ضعف الشبكه ومسوولي اي حل ظلت نفس المشكله,1,0
تطبيق جداً روعه بس ليش ما يصير ابدل الدقايق بل كيكات ارجو منكم تفتحون البث للاجهزه الاخراى,5,1
جيده,5,1
تطبيق فاشل لاحد ينزلو ويعب نفسوو تطبيق بفلوس,1,0
رائع,5,1
جميل جدا,5,1
فاشل ب البداية زين وهسه فاشل كل شيوه يفصل ومن تخلص ل ميكات التكبيقات المجانيه تتوقف ومن نراسل محد يرد وع تطبيق ما اكدر اراسل الدعم افشل خدمه ب الفتره الاخيره مع العلم صارلي سنه وياهم وجان زين بس ب فرته الاخيره تطبيق فاشل فاشل فاشل مايستحق حتى نجمه,1,0
تطبيق صارله يومين ميفتح يكول تحديث شوكت تحدثو تعبنه ترا,1,0
خطي راح شلون اطلع غيره,5,1
ممتاز,5,1
يوميه الكاه مسجل خروج وحده عراقيين برنامج مادبرتوه,1,0
تطبيق رائع وحلو,5,1
😍,5,1
اسوء تطبيق,1,0
جيد جداً,5,1
كلش حلو و ممتاز بس لو تضيفون لعبة دلتا فورس على التطبيقات المجانية,4,1
مميز,5,1
عاشت ايديكم على هاذه تطبيق,5,1
شنو سبب ضعف الانترنت هاي الفترة قبل كان الانترنت ممتاز حاليا ضعيف مو بس اني اصدقائي نفس المشكلة,1,0
ما يفتح التطبيق,1,0
راااقي,5,1
جميل جدا,5,1
تطبيق اكثر من رائع,5,1
مقترح انه يتم اضافة تطبيق كابتن بلي الئ التطبيقات المفتوحه اثناء الاشتراك الشهري,5,1
مرحبا لطفاً اريد اتواصل مع خدمه اودي عن طريق الواتساب تظهر عندي لا توجد خدمه,1,0
تطبيق فاشل من ناحية الدفع والتسديد والايميل مالته مايتغير وبي هواي مشاكل حته خدمة العملاء ماحلوهة,1,0
تجربه سيئه عند تعبئه الرصيد يفصل التطبيق ولايمكني من تحديد الباقات المجانيه الا بعد مرور ساعه وهاي ثالث مره تصير معي للاسف,1,0
تطبيق فاااااشل والله تعبت وانا احاول اسجل دخول الدعم ما يجاوب الاتصال ولا وتساب وتحتار شنو تجدد اشتراكك,1,0
جيد,5,1
تطبيق ثكيل وممل وكل ومرة بطلب تسجيل دخول لتجديد الأشتراك,1,0
جيد,5,1
سيء جدا,1,0
فاشل عند تعبئه الرصيد,1,0
صح بعدني ما جربته بس ماطول ايردون على التعليق لازم انطيهم خمس نجوم,5,1
ايعععع,5,1
ههههه,5,1
اجمل خدمات,5,1
جيد,5,1
لماذا لا يعمل,1,0
تمام,5,1
جيد جداً,5,1
فاشل,1,0
فاشل وسخيف الخط كله لايسمحلك بالاتصال الا باشتراك والاشتراك من ١٠ الف دينار وفوق تورطت واخذت الشريحة لكون الرقم مميز ولم اعرف طبيعة خطوط الاودي ولم اكن اعرف هذا الخط اصلا من نوع اودي الزراب,1,0
افضل برنامج على إطلاق,4,1
جيده,5,1
فاشله شركة فاشله,1,0
تطبيق كله مشاكل، طيح الله حظكم,1,0
ليش التطبيق ميدخل من ادخل عليه يخرج وحده ارجو حل المشكله بأسرع وقت,1,0
شركة حراميه,1,0
جيد,5,1
كيف اشتري خط اودي,1,0
يا اخي هواي خربتوا ما يصير هيج تطولون ب صيانه وتطبيق ما يفتح اريد افعل واختار باقه كلساع ويخرج اي شوكت تخلص الصيانه ارجو حل الموضوع,1,0
حسام,5,1
التطبيققق محلو ميفتح عندي نجمه كومهه عليهه,1,0
جديد,5,1
عندي مشكله بلتطبيق وصار 3 ايام الدعم ساعتين لو يرد عليك احد لو محد يرد واحد يشمرك ع ثاني عبالك ماعدهم اطلاع على التطبيق يعني المشكله اريد ادفع عن طريق رصيد اودي او اشتري من القسائم الموجوده داخل التطبيق يطلب تسجيل دخول واني مسجل وعندي باقه فعاله او من اشتري ع طريق الرصيد يوصل رقم التاكيد ويرفض يدفع الفاتوره الكولي حل 🙂,1,0
الباقات ممتازة وسرعة النت اتخبل وخدمة التحويل من البيانات الى دقائق والعكس اتخبل,5,1
ممتازة,5,1
جيدة,5,1
الله شاهد تطبيق كلش تعبان صارلي سنتين استخدم الشريحه بس هاذ الاشتراك مالتي كلش ضعيف هاذ الشهر كلساع ويفصل,1,0
ألبرنامج فول أوبشن مواصفات😂 بس بيه مشكله وحدة و هية: ارجو من شركة أوودي أتخلي لعبةpes بخيارات البرامج المجانية عند الأشتراك بالخط حتى اتكون اكو تجربة أفضل فأتمنى تشوفون طلبي❤️,5,1
للأسف تطبيق فاشل ورديء صار اسبوع مفاتح عندي تطبيق بس يصفن للأسف شركة مثل زين ما بيها مبرمجين يسوون تطبيق براسه خير,1,0
لي ما أكدر ادخل كضيف و اشوف العروض ليش لازم اسجل برقم هاتف,2,0
جيد جداً,5,1
راقي,5,1
ممتاز,5,1
تطبيق رائع وجيد جدا أنصحكم تنزلو👍🏼🤍💭 🤍,5,1
برنامج مايفتح,1,0
احسن تطبيق شفته شكرا لكم ياجمل برنامج,5,1
تطبيق صار زفت لا انترنيت بي حظ ولا ولا باقات بيها حظ ما قيمه حتى بنجمه حرام,1,0
اوكي,5,1
mgda,5,1
تطبيق فااااااااشل والله العظيم صارله يومين متوقف وعبيت رصيد اريد اظيف دقائق عل خدمه مجاي يشتغل والرصيد بقه معلق ما انصح احد يستخدم أودي هاي لأخر مره ساعه السوده اي والله ا٠لنه كل شغلنه وعملنه علمود التطبيق الكسيف,1,0
جزاكم الله خيراً,5,1
اسلام عليكم عزيزي الاشتراك ابو ١٥ .. ٦ كيكا كم ساعه بستمرار ويخلصن .,5,1
روعه,5,1
تطبيق جيد جدا وانصح الكل بالتحويل للأودي,5,1
جيد جدا,5,1
جيد جدا,5,1
السلام عليكم اشتركت ٣ اشهر وماكو اشترك وهسا عبيت رصيد ولااعرف اشون انسرق,5,1
حبيبي اريد شحن مجاني,5,1
افشل برنامج,1,0
السلام عليكم البرنامج صار يومين معلق شنو السبب يرحم والديكم,5,1
سلام عليك اليوم وفي كل تجديد شتراك من باقات أودي تحصل عملية أحتيال من أودي قبل نتها الشتراك الشهري حيث قمت بي تعبة المبلغ المطلوب لي تجديد الباقه لكن بعد نتها الوقت المحدد لم يتم تجديد الباقه حيث تبين ان رصيد غير كافي مع العلم تم التنزيل المبلغ المطلوب مني كه مشترك حيث تم ستقطاع 400 دينار من رصيد حسابي تم الاتصال بي شركة أودي لتبيان نقص الرصيد من حسابي الوظف قالي شتراك بي خدمت رسال علمن ان لي خدمه مجاني 200رساله لي العلم ان الهاتف فقط لي الانترنت ون هذه مشكلة حصلة اكثر من مره لم أجد حل,1,0
جيد,5,1
التطبيق بعد التعبئه لا يعمل,1,0
صارله فترة التطبيق مايفتح على شبكات الواي فاي ....فقط على بيانات الهاتف يفتح...,1,0
تطبيق رائع,5,1
رائع حقاً,5,1
لا يحدث التطبيق,1,0
افضل خدمه,5,1
تطبيق رائع لأكن ينقصه أن اضافه لعبه efotbleeبيس موبايل وشكرأ,5,1
تمام بالنسبه للمكالمات اما الانترنت فاصبح ضعيف والمشكله الثانيه لم يعد يبث للاجهزه الثانيه وهذا مكلف جداااا,2,0
"امنيتي اعرف شنو فائده الارقام المجانيه وانت ما تقدر تاخذ رقم الا اذا دفعت اقل شيء 15,000😔😔",2,0
رائع جدا بس الشبكة ضعيفة,5,1
جيدة,5,1
التطبيق مايفتح ممكن تحلون المشكله وثاء ممكن رقم مخصين علي الوتساب افضل,1,0
ممتاز جدا,5,1
جيد 👍🏻,5,1
مع الأسف جدا اليوم طلبت خط وحددت موعد الاستلام وعبر الوقت ولم يأتي المندوب,1,0
ممتاز ويمكن استخدامه بكل سهوله,5,1
متجر رائع,5,1
افضل تطبيق,5,1
الافضل عبر تاريخ,5,1
افضل تطبيق,5,1
احلا برنامج,5,1
تطبيق فاشل ودعم ماكو مايرد وتحجي ويه الهوه محد يرد عليك ومايرسلك الرمز الخاص بيك يوم عن يوم للاسوء,1,0
خدمه ممتازه بس ملاحضه اذ المشترك ماعده انترنيت التطبيق مايفتح,4,1
ممتاز,5,1
النت فاصل ولعلم اني جهاز وحدي و24ساعه فاصل النت ومشترك بباقه 32الف بل شهر,2,0
عما,5,1
اريد اسوي حساب بالجوجل ما اقدر,5,1
خوش ولد,4,1
افضل تطبيق وشريحة اتصال في هذه الفتره الباقات جدا مرنه انصح الجميع بالاشتراك,5,1
من نجاح لنجاح ومن تألق لآخر دمتم ونتوقع منكم المزيد,5,1
ممتاز,5,1
تطبيق فاشل بمعنى الكلمة,1,0
صاله فترة تعبان,1,0
جزاكم الله خير,5,1
الافضل نؤمل ان اتكون الباقه بنصف السعر,5,1
ممتازة,5,1
جيد جدا,5,1
فاشله,1,0
تطبيق عملاق اولاً طريقه الدفع والخدمات الي بي كلش مميزه وعاشت اديكم عل ه̷̷َـَْـُذآ التطبيف,5,1
خط اودي ممتاز جدا وكثير الميزات والخدمات المجانيه لذالك أنصح الجميع للانضمام إلى شركة أودي التي تعمل على اتصال دائم مع عملائها وتقديم أفضل خدمات الاتصال والرسائل النصية والهدايا مجاني لذلك انصح الجميع للانضمام إلى شركة أودي الشكر والتقدير وكل الاحترام إلى العاملين فيها في كل محافظات العراق,5,1
تطبيق ممتاز,5,1
برنامج ممتاز,5,1
جيد جدااا رائع,5,1
اجمل برنامج وبي خدمات حيل حلوه,5,1
هل التطبيق صادق,5,1
برنامج جميل اتمنى التوفيق للقائمين عليه,5,1
خط ممتاز خدماته روعه,5,1
الله على هاذهي تبيق,5,1
تطبيق ممتاز,5,1
ممتاز,5,1
راقي,5,1
برنامج جيد جداً,5,1
افضل تطبيق وافضل شريحة على مستوى العراق,5,1
جيد جدا,5,1
ok,5,1
تطبيق لا يعمل صار أكثر من شهر كل ما اطبله يكلي ديتحدث وحتى نجمة وحدة هواي علي,1,0
خدمة رائع لكن اتمنى اضافة youtube music,4,1
تطبيق ممتاز ومفيد كلش ياريت تزيدون من عدد البرامج وتنوعون بلباقات كل شهر علمود يصير خطكم الاول في العراق.,5,1
جيد جداً ربي يحفظكم جميعاً,5,1
برنامج يخبل,5,1
يعني جان نكدر نتصل على تلكرام وعلى الفيس بوك ليش تجون حضرتكم تخلون كاتبه الانترنيت المجاني لايشمل الاتصال المهم اني راح استغني عن السيم كارت لان كل فتره يسوء البرنامج بشكل فضيع,1,0
افضل تطبيق وافضل شبكه للانترنت,5,1
افشل خدمه هيه خدمه اودي,1,0
ليش يفصل الخط كل فتره ويرجع ....؟,2,0
احسن برنامج كلش مفيد بس لو تضيفون لعبة pes من ضمن المجاني يصيرون احسن تطبيق,5,1
التطبيق ما يفتح وبطيئ,1,0
جيد ممتاز,5,1
الخدمات حلوه بس التطبيق كلش فاشل من ناحيه الخلل والتحميل,1,0
جيده,4,1
best of the best,5,1
رائع,5,1
من البارحه اريد ادخل على التطبيق ماكو ميدخل شنو السالفة,1,0
مجاي يفتح,1,0
جيدة ولا توجد ملاحظات,5,1
احسنتم,5,1
ممتاز,5,1
رائع جدا,5,1
تطبيق تعبان ماله لزوم ويخجلنا كثيرا . بعد تعبئة الرصيد يفصل ولا استطيع تفعيل انترنت او شراء دقائق الا بعد ساعه من التعبئة. ولا يمكن الشراء من خلال كود . عيب هالشي بحق شركة ماعدها امكانيات تسوي تطبيق يشتغل صح,1,0
Good,5,1
التطبيق لا يعمل,1,0
جيده جدا,5,1
ولله فاشل الى درجة ماانصح بتحملية وشراء شريحة لانهم ماعدهم خدمة عملاء ولا عدهم مصداقية كلش لعبان نفس للاسف عبالي بي خير,1,0
كذب أصلاً ما يفتح رغم سزيت كلشي طلبوا لكن يورطونك وهاهية لا تنخدعون وتنزلو تؤة كل اللي يمدحون التطبيق همة نفسهم اصحاب التطبيق من حسابات ثانية,1,0
أوودي شبكة اتصالات رائعه من حيث الاتصال والدقايق والانترنيت وسهوله الاستخدام. في البرنامج المخصص لمشتركي اوودي شكرا لكم من القلب ❤️,5,1
أفضل وأجمل خط هو اودي,5,1
ممتاز,5,1
طلبت الشريحه وعبر موعد التسليم ولحد الان ماكو ومااكدر الغي الطلب ولا اكدر اسوي شي ليش هيج والي يعرف يراسلني,1,0
افضل برانامج وافضل خط عن تجربة,5,1
روعه,5,1
بطريقة تجديد الاشتراك جدا فاشل ولايوجد فيه اختيارات يظهر لي شراء باقة جديدة وسيم كارت جديد علما أني اشتريت خط مع باقة هسه اريد افعل ماعرف شلون كولش مزعج وصعب,1,0
برنامج رائع,5,1
حلو 100/100,5,1
يعني تحديث صارله ٦ ساعات حتى الطبيعه متقبل,1,0
السلام عليكم شباب يرجو التعديل البرنامج ا,1,0
جيد,5,1
رائع جداا,5,1
يعني صار ساعة كاملة لا اكدر اتصل ولا اكدر استخدم الانترنت وبقية خطوط زين شغللة كلشي مابيها والامشكلة الي تزرطنا بيها انه ماتكدر ترجع خطك عادي مو اودي,1,0
يستاهل نجمة ونص لان من تريد تعبي لازم تروح ع أقرب راوتر وهاي ميزة سلبية اثناء الخدش لكوبون باقات الزيادة يفصل ومتعرف شنو حصلت هوايه يفصل يعني تخيل نازل ببجي واخر تيم يعلسوك والله شنو فشل الاتصال وهواي يحتاج له تطوير شوية دارو خبزتكم هههه لان دتقطون خير من الله وخففوا اعلاناتكم وخففوا اسعار باقات الزيادة وشكرا,1,0
ممتازة,5,1
نت وتطبيق يخبل ♥️♥️,5,1
كل يوم سجل دخول لعبت روحي,1,0
اثناء تفعيل الخدمة تطلع كتابة ( حالياًدنحدث التطبيق ) ويبقة فوك الساعة ؟ هاذ شي مزعج,1,0
تطبيق روعه ولعروض خرافيه الله يوفقكم,5,1
Perfect,5,1
واللله تجربه ممتعة,1,0
ممتاز,5,1
تطبيق اودي وخدمات اودي تفوق الرائعة تكدر تختار الباقه وتختار الدقائق تطبيق رائع ❤️.,5,1
اكثر من رائع,5,1
استخدميت باقه سعر 60الف والإنترنت ضعيف و مايفيد كلش فرق وما نصح ستخدام وودي فاشلة كليش مع العلم طلب شريح وودي بس تندمت,1,0
روعه,5,1
ممتازة,5,1
اسوئ شي عدكم التطبيق. مشترك نت و الباقة مخلصانة و مااكدر اطب للتطبيق,1,0
صاير كلش زباله وبالبدايه چان يبث ببلاش هسه الا بيانات وحسب الاستخدام ام الانترنيت كلش موزين يعني بس الادقائق زين وغيرها لا مع الاسف 😤😔,1,0
لماذا لم يسجل دخول لدي احاول به ولا يوجد فائدة ما الحل,5,1
جميل جدا,5,1
اكثر من رائع,5,1
غير تستاهلون,5,1
تطبيق رائع ومفيد,5,1
جيد,5,1
جميل جدا,5,1
تجربه جيده جداً وخدمي كثيراً,5,1
افضل برنامج بكل وسائل التواصل الاجتماعي,5,1
أقوى تطبيق والافضل,5,1
ماشاءالله تطبيق ممتاز يستحق ٥ نجوم,5,1
تطبيق جميل,5,1
"هوه خوش برنامج بس ينراد ايضيفون العاب مثل بيس او بلود سترايك التطبيق رهيب بس همينه من اشترك ابو ال25,بي تطبيق واحد يا تكتك يا يوتيوب هاي الميزه ابد ما عجبتني و شكرأ",5,1
أسوء خدمه بلشرق الاوسط وناس قفاصه انصح الكل تبتعد عنهه,1,0
جيدا,5,1
هناك مشاكل عند تعبئة الرصيد وعند الاشتراك بالعروض,2,0
الي يجرب هذه التطبيق والخدمات ميحتاج يجرب اي شي اخر ...بصراحه يعتبر شيئ ممتاز بالعراق,4,1
غالي ولايتناسب مع شريحة المواطن الافضل ان تكون مراعاة الانسان البسيط,1,0
عمي خلو تحديد باقه بكيفك شكد تريد دقايق وكيكات وخلونه لعبه بيس مبايل مو الف مره حرمصنالكم جزعنه كيكات يخلصن بسرعه متدري سالفه شنو,2,0
عاشت ايدكم التطبيق كلش مفيد ويخدم اصحاب العمل خصوصا الدليفري . نتمنى تقليل كلفة باقة الزيادة للدقائق والگيكات ، واضافة طرق دفع متعددة ومنها طريقة دفع عن طريق الـ FIB مصرف العراق الاول شكرا الكم ♥️,5,1
التطبيق صاير فاشل الى درجة لا تطاق ...وين المهندسين والمتابعين...صارله شهرين التطبيق ميفتح الا على الفور جي وبلكوه يشتغل....والرد على تعليقي ...الرقم مالتكم ما بي واتس وما اكدر اتصل لان الخط واكف وما تكدر اعبي رصيد الا من التطبيق ...هاي شلون حلها بلله ...واتصل 345 الموظف ايكول الخلل من الجهاز والقرآن نصبت التطبيق بغير جهاز هم ما يفتح..,1,0
خدمه ممتازة,5,1
goood,5,1
ممتاز جدا,5,1
افضل خدمه,5,1
تطبيق رائع وخدمة رائعة,5,1
شكرا لخدمتكم,5,1
تحديث كل هوايه ويفصل علمود تسرق البيانات,1,0
برنامج حلو بس لو اكو متاجر محافضة الموصل,5,1
بس ضيفو قارء الباكورد لبطاقة الشحن(الرصيد) افضل واسلس,5,1
جيد,5,1
جيد جدا,5,1
افضل تطبيق,5,1
تطبيق كبير وممتاز,5,1
تطبيق ممتاز ❤🫡,5,1
جيد,5,1
اتمنه من الشركه ان تزيد خدمه يلا نبدلها بلا حدود المشترك هوه يحدد حتلو يصرف الدقائق كلها من حق المشترك يبدل الدقائق علما اني مشترك ع طول ومشترك قديم أذا يضل الحال على ما هو عليه اشترك بغير شركه بنفس العروض,1,0
تطبيق جيد جدا,5,1
طبعن اني من العراق وهاي تجربتي ال اوودي كلش حلو ويدعم العاب هواي وعجبني الصراحه انصحكم جربو واذا ما عجبكم احذفو بس صدقني ما راح تحذفه لان ممتاز 😍😍👌🏻♥️,5,1
خدمات جيده جدا,5,1
برنامج حلو كلش بس خربتو الشتراك كان ب15الف دينار كل شهر هسه كل شهر صار 30الف دينار اتمنا منكم ترجعون الخدمه القديمه,1,0
تجربتي فول بس لو ينطون الي مشتركين گيگات,5,1
نريد اضافة تغير برامج السوشيال قبل انتهاء الباقه,2,0
جيد,5,1
جيد جدان,5,1
التطبيق جميل ا رائع,5,1
ولله صارلي ٤ سنوات مشترك ب أوودي بس كل ما تصل على الشركه اريد استفسر عن مشكله يطلعلي الرد الالي ولا مره اتصلت وطلعلي موضف حقيقي يحجي وياي اتمنه تتطلعون على هاي المشكله,1,0
ضيفو تطبيق تود TOD رحمه الله صار شكد نطالب بي,1,0
تطبيق يفصل عند اي حركة تقوم بها نرجو الاصلاح,2,0
احسن تطبيق,5,1
يااخي ضيفوا الوضع الليلي للبرنامج dark mode ليش شنو صعب عليكم ؟,1,0
حلوو,5,1
اكثر من مرة اتواصل معكم بخصوص رقم متوقف ماكو رد لا على الواتساب ولا على الايميل,1,0
عالمي,5,1
ممتاز,5,1
افضل واجمل خدمه من شركه زين العراق,5,1
حلو,5,1
جميل جدا ☺️☺️☺️☺️,5,1
تمام,5,1
جيد,5,1
ارجو تخفيض باقه بلا حدود من40 يلا30 و شكراً,1,0
النت ضعيف جدا والخدمة معدومه انصح بعد الاشتراك,1,0
جيد جدأ,5,1
التطبيق والخطوط جدااا رائع,5,1
سيء,1,0
تم,5,1
امتياز تققمي للبرنامج وعن تجربة دامت ٤ سنوات دون انقطاع,5,1
ممتاز,5,1
لا يعمل بدون نت لتجديد الباقه,1,0
عيبه الوحيد اذا خلص النت والباقه فعاله لا تستطيع التفعيل الا بعد انتهاء الباقه باليوم والوقت,1,0
مجاي يفتح رغم اكو نت يكلي فشل الاتصال بالانترنت,1,0
راقي بس في مشكله متوقف حالين,5,1
لقد عجبني السيم كارت بالاضافة الى 5برامج نت بلا حدود اتمنى من شركه اودي تضيف لعبه ويبلاي آلى البرامج التي بلا حدود♥️,5,1
،🫶,5,1
التطبيق ما جاي يشتغل,1,0
☺️🥰 رضيت😁 عليكم,1,0
تطبيق روعة ومفيد جدا لكن عندي مشكله صغيره اني دايما اشترك باقة 3 شهور وكل شهر يتاخر تجديد الباقة ويعبر، الوقت ياريت تكونون اكثر دقة بمواعيد تجديد الباقة ولكم جزيل الشكر,5,1
جميل,5,1
يأبة ماريد احمل شهل اعلانات,2,0
حلووو,5,1
ممتاز,5,1
ماعرف ستخدمة 😭,1,0
تجربة رائعة,5,1
جيد جدا,5,1
ممتاز,5,1
تطبيق ممتاز,5,1
معقول ما,5,1
تحت التجربه,5,1
برتامج يستحق التجربة الدائمة,5,1
ممتاز جدا برنامج رائع,5,1
ممتاز,5,1
شفت بهذا التطبيق مخبل يحچي وي مخبل وطلع يحچي وي نفسة,1,0
جيد جدن,5,1
رائع,5,1
اقبح علان,1,0
فشل فاشل لعبه كله أعنانات😡,1,0
جيدة,5,1
ميفتح التطبيق نهائيا ويكتب دنحدث بالتطبيق حاليا,1,0
اليش هذ زيده,5,1
برنامج فاشل بكل ما تعنيه الكلمه كل ما ادخل رصيد للبرنامج يتوقف البرنامج لمده اكثر من ساعتين ومن اشترك يتوقف اكثر من ساعتين ومن افتح هديه نفس الحاله يا اخي احنا بزمن السرعه وبرنامج هيج يتأخر برنامج مثل العالم ما دبرتوا تسون من طاح حظ هيج شركه عالج هاي المشكله من وراها تركت خط الزين رحت لخط اسيا,1,0
كاخدمات جيد ولاكن البرنامج ظعيف,4,1
صارلي 3ايام من طلبت الخط وللأن موصل,1,0
فاشل بمعنى الكلمه,1,0
التطبيق يحتاج كل شهر اسجل بي. كل ما سجل يخرج من الحساب,1,0
لا يوجد موقع في ديالى بعقوبة,4,1
بسبب توقف خدمة البث تركت الخط رجعوا البث مشاركة النت لباقي الاجهزه شيء مهم,1,0
افضل اتصال مع سينكارت اودي في العراق,5,1
يابه هسه التطبيق ميفتح وروحي لعبت عندي طلعه ومحد يرد مو حجي هذا لو تخلي كود بديل نتصل علي ونفعل باقه لو لتسد التطبيق حتى راح اغير خطي,1,0
لو تتلع صح اموت عليكوم,5,1
حلو 😂,5,1
البرنامج لا يعمل بالتحديث الجديد لا يمكنني الدخول على البرنامج,1,0
ليس مجاني اعلان تقلوون مجاني ليس مجاني اشتراك بفلوس برصيد,1,0
راقي,5,1
كلساع حاطين الاعلان مو فتهمنه اخري على هيج تطبيق جايف وطايح حظه اذا اشوفه انوب يطلعلي اعلان والله اروح المحكمه وارفع قضايا على هاذ الإعلان ما يصير هيج بزعتونه,1,0
جيد,4,1
التطبيق واكف اريد افعل الانترنيت شسوي عبيت الخط مروتكم شغلي عليه شسوي,1,0
رائعه,5,1
المشكله اني عندي خط اوودي بس متوقف من دا انزل البرنامج واريد اسوي حساب مجاي يصير,1,0
متى يدعم تطبيق اودي هيت,5,1
جيد جدآ,5,1
تطبيق كلش حلو بس من يخلص الشهر يروحن الكيكات والدقايق الي بقن اتمنه يضيفونهن للشهر الي بعده ♥♥🥰 واتمنه ان تضيفوا من التطبيقات المجانيه FREE FIRE,5,1
من تطلب الرقم و النوب بفلوسك يعني مو ابلاش هم تنذل لو يوصلك لو ما يوصل الرقم,1,0
برنامج كلش قوي وحلو وبيه توفير ممتع بس ياريت بيه تفعيل أكثر من برنامج ترفيهي من وأحد مجاني لو سوه فد ٢ 😋😋😋😋,5,1
جيد جدا,5,1
تطبيق ممتاز جدا,5,1
تمام,2,0
جهم,1,0
ok,5,1
ممتاز,5,1
كله لاك وتقطيع اشتركت بخدمه وراح الرصيد اراسل الشركه يكلولي واصلك وهو كلشي ماوصلني فلا تتورطون نصيحه,1,0
الماذه الا يتم اضافة الباقات المجانيه وال تطبيقات,1,0
تطبيق فاشل وشركة دعم تعبان,1,0
جيد,5,1
الشريحه يوم عن يوم تزداز سؤء ابس شي البرنامج حتى اذا الكيكابايت موجوده ميفتح,2,0
الطبيق لمن ندخل عليه ما يطببنه او ما يدخلنه,4,1
جرب اودي و متخسر,5,1
والله كله كذب كذب انا اشتريت خط اودي وطلع كله كذب كذب والخط حتى طلع محروق,1,0
في مشاكل كثيره مثل سجلت دخول وطلبت الرقم يومين هوه يقلي تحديد الطلب مليت من الاانتضار,1,0
لا انصح حدا التطبيقات المجانية وهمية ابقو على خطوطكم القديمة افضل ايا فيديو او صورة بلتطبيقات المجانية الوهمية يسحبو من البيانات النظامية,1,0
تطبيق فاشل جدا لا يعمل في بغداد ومحيط بغداد نهائيا تطبيق فاشل جدا اذا تشتري تتندم خصوصا لا تحول خطك تاثير الى اودي احذر,1,0
يا اخي كافي كافي كافي كافي تطلعلي علانات كافي رحمه لهبل كافي رامحه الله,1,0
👍,5,1
ممتار,5,1
تطبيق فاشل وشركه زين خدماتها تعبانه انصحكم لحد يشترك,1,0
تطبيق جميل 💜💙,5,1
ماجاي يدزون الرمز,5,1
اثناء اعادة تفعيل الخدمة في نهاية كل شهر يحتاج اتصل بالراوتر حتى اگدر افعل وهذه صفة سلبية المفروض اتصال البيانات يكفي ناهيك عنك الخدمة الدولة جداً بطيئة التفعيل انه دفعة للاتصال الدولي ولم اتصل وتفجاة الآن الرصيد خلص اما ان تحسنو الخدمة او انرجع للخدمة العادية,1,0
برنامج جيد جدا,5,1
جيد,5,1
زربة بيكم وبعلاناتكم,1,0
النسخه القديمه من التطبيق افضل,1,0
مقرف وسيئ,1,0
تطبيق فاشل مجرد اعلانات فقط لا اكثر,1,0
هاي مخلينها داتخيل طافرة من فلم رساله هي وعمامتها,1,0
جيد جدا,5,1
Ok👍🌹,5,1
التطبيق ما يشتغل على تابلت جهازي تاب s6 سامسونك ما شتغل نهائين ارجو حل المشكلة,1,0
اريد اسوي تسجيل دخول ...اشون اني اشتريت رقم ..بس ماعرف اسوي تسجيل الدخول,5,1
سيئ,1,0
تطبيق رائع 🥰..,5,1
احسنت,5,1
انصحكم لا تنزلونو لانه يقشمرون عليكم يخلونك تصقط,1,0
روعة اوودي,5,1
"يضحكون على الناس ويقولون الاشتراك المفتوح شعري 30,000 الف ولن تطلع هذه حكايه صدق يضحكون على الناس",1,0
اكثر من رائع ..بس شلون اشتري شريحه ثانية واني عندي شريحة اوودي بحهازي من وين تطلع قائمه اختيار الارقام ..,5,1
كفرتونه بل علانات رحمه ربكم بطلو كله جذب.بجذب,1,0
روعه,5,1
راقي,5,1
جيد جداً,5,1
تجربة فاشلة حرامات اشتركت مال 3 اشهر ليكدام,1,0
قسما بالله اسخف برنامج شفتة بحياتي,1,0
راقي,5,1
افضل تطبيق علا وجه الارض نشكركم شركة زين العراق,5,1
اعطيت نجمه للتعليق فقط الاصدار القديم افضل ووجه جميلة وسهلة الاستخدام هذا التحديث الاصدار مزعج للغاية ارجوا استعادة الاصدار القديم حيث يمكنني تسجيل الدخول بالرقم والباسوورد,1,0
رائعه,5,1
افضل تطبيق ممتاز جيد جداً كل الاحترام والتقدير لكم,5,1
افشل برنامج,1,0
لااستطيع اكمال عمليه التسجيل وتمت محاولة بأكثر من جهاز ونتيجة واحدة,1,0
ازباله واسعاره عاليه,1,0
❤️❤️❤️,5,1
تطبيق ميفتح صار شهر قافل عندي علمود تحديث,1,0
فد شي,5,1
جيد جدا وراقي,5,1
كلش فاشل صار شتراك 40😏,1,0
تطبيق سيء حتى بعد التحديث,1,0
التطبيق ميقبل احول من بيانات الى دقائق اتصال. وهذا شي خله تطبيق فاشل,1,0
ممتازه,5,1
فاشل جدا,1,0
افشل تطبيق وافشل شركه مكانهم الي بساحه مضفر بحي اللمانه معزل 24 ساعه تطبيق اشتريت منه رقم موصلني وحولت الهم بالزين كاش فاشل او تالي رجعولي الفلوس او اخذو الرقم لان رقم حلو,1,0
السلام عليكم تمام,5,1
كل اسبوع يسجل خروج وحده ويطلب تحديث وما يسجل دخول اله بعد مرور ساعات بهاي الحاله لازم اشتري خط بديل لان النت ماتكدر تشتري باقات وهوه مسجل خروج,1,0
لسه ما اشتريت شريحة زين لكن حملت التطبيق والعروض فعلا حلوة ومناسبة غدا ان شاء الله اشتري الشريحة واشترك اودي 💞,5,1
مرحبا فيه مشكله لا يعمل التطبيق أبداً وتظهر نافذه سيتم التحديث في اقرب وقت,1,0
لعبان نفس,1,0
جميل,5,1
التطبيق كل مرة اريد افتحة يكلي دنحدث وغيرها من المشاكل مثل تسجيل الخروج والتعليك,1,0
التطبيق لا يعمل,1,0
السلام عليكم الخط مميز وكلش حلو والانترنيت سريع بس الي اترجا منكم اتفعلون الاتصال على البرامج مثل الواتساب الماسنجر الخدمه الي ب15000 350 دقيقه واربع برامج مفتوحه بالإضافة اريد افعل الباقات التطبيق مجاي يفتح,5,1
حلووو,5,1
تحديث فاشل,1,0
oodi احبك,5,1
جيد,5,1
برنامج كلش فاشل وثكيل,1,0
فاشل,1,0
اسوا شركه من ناحيه خدمه الزبائن هوا انتم,1,0
عزيزي جاي افتح التطبيق وضيف رقمي بس الرساله الرمز ما توصل ممكن حل لين شغلي بيه أرجو الجابه,5,1
ممتاز,5,1
عاشت ايدكم,5,1
هذا البرنامج ذهب صافي,5,1
زين الرصيد اليبقه ليش تاخذو هذه سرقه,5,1
🥰🥰,5,1
حلو، عندي بس مشكله وحده، اذا ممكن قللو الاعلانات اذا تكدرون، وشكرا,4,1
الانترنيت كلش حلوو,5,1
تطبيق فاشل ولايستاهل نصف نجمة ابدا وراح امسحة من موبايلي,1,0
ممتاز,5,1
ليش من اسجل دخول ميوصل اليه الرمز السري وانطي اعادة وهم نفس الشي,1,0
لا يمكن الحصول على الهديه 2گيكابايت عند ما اضع الرمز داخل الرمز الترويجي,1,0
جيد,5,1
ليس تسقيط بل برنامج بس هايي الحقيقه ما انصح احد يجربه لاتغركم الاعلانات لان تشتري تـ 15 وتعبي بـ 25 ومن يخلص الكيكات بعض التطبيقات تتوقف,1,0
التطبيق بي مشكله عدم تسجيل الدخول للحساب وتظهر قائمة وبعد يتوقف,1,0
السلام عليكم ورحمة الله وبركاته اني مشتري خط أودى ولكن اتصل بالشركه ومجاي يجابون ومجاي اعرف اي شي عن العروض وتجديد الاشتراك وعروض الإنترنت,5,1
اكو مشكلة من خلصت بيانات مكدر اشترك شهر جديد,1,0
اقسم بالله فاشل فاشل فاشل .. وحته عمال هاي الشركه ماتشتغل صحيح يعني واحد من الموضفين دزيتله كارت 25 ولحد الان ممجاوب عليه,1,0
جيد جدا,5,1
جيد,5,1
عندي مشكلة صايلي يومين ماجاي يجيني رمز الدخول او اصلن ماعرف ليش البرنامج انطاني تسجيل خروج,2,0
ياخي خبلني لدرجه هسه صلي 3 ايام اطلب خط اودي ويرجع موضوع من جديد كلت صوج من الرقم جربت ثاني هم ماكو جربت تلفون ثاني وثالث وماكو اراسل دعم فني مع العلم النت عندي قوي ويكلي مشاكل اتصال هسه تطبيق شنو سالفته كله على بعضه Error لو اكو حل مستقبلا؟,1,0
التطبيق يسوي تسجيل خروج وميدزولي رساله نصيه لتسجيل الدخول مره ثانيه,5,1
تطبيق جداً سيئ امامن ناحية لاعلانات التي هي غير مرغوب فيها 👊👎,1,0
قدلاه يفتح البرنامج ويطلع دنحدث البرنامج ستخدم طرق التاليه ماهو سبب وكيف حل هاذ المشكله,1,0
حاطين وحدة اعرض من عروضكم تسوون بيه اعلانات,1,0
اكوني منزل الططبيق يطيني هديه مال نت شلون زين العراق,5,1
الباقات غاليه,1,0
ليش توقف البرنامج من اجهزه هواوي ليش مكاعد ينزل البرنامج شنو سبب؟؟ 🤔🤔🤔,5,1
جيد بعض الأحيان,2,0
بي هواي مشاكل,1,0
جيد,5,1
زوين,4,1
سلام عليكم التطبيق ممتاز ولاكن في بعض الاحيان التطبيق مايفتح حتلو امشغل البيانات التطبيق بطيء في الفتح ارجو الحل,5,1
ممتاز,5,1
❤,5,1
خبصتونا وين ما اروح يطلع الي اعلانكم او طلع افشل اشتركات موجوده او بأسعار غالية يعني اسيا سيل احسن من اوودي بالف مره,1,0
جيد جدٱ,5,1
احسنتم,5,1
تطبيق خايسسس 🤮🤢,1,0
جيد,5,1
😂😂😂😂😂 كل هاي الإعلانات بالاخير التحميلات 1 مليون فقط,1,0
الخدمه ليست دائما جيده,2,0
انكس برنامج,1,0
بعد التحديث الاخير صار لايعمل ابدا،ما المشكلة؟,1,0
التطبيق بي عدة مشاكل. من اختار باقه زياده يفصل النت..واغلب الاوقات تضهر لائحه دا نحدث الان,1,0
شركة سيء جدا بدون خدمات برنامج سيء جدا الاتصال على شركة وبدون رد اكبر خطا حولت خطي اودي ولاسف مايسمحون رجوع الا خط زين لان يعرفون يحول على اودي مايستمر تركت الخط سبب شركة اودي سيء 👎 جدا,1,0
ممتاز,5,1
أفضل شركة هيه اودي والله العضيم,5,1
جيد جداً,5,1
برنامج ممتاز,5,1
فاشل,1,0
جيد جدا,5,1
جيد,5,1
حلوو,1,0
ضيفو سنتات للبرنامج لطفا,2,0
بس لو ضيفون ميزه تحويل الرسائل إلى دقائق أو اتصال البرنامج واحد على واحد,5,1
جيد,5,1
اودي فعلا خط جيد لكن اتمنى من يخلص اشتراك الشهر من تبقى دقائق وكيكات يضيفوها للشهر الي بعده,5,1
تطبيق جيد جداً روعه,5,1
ممتاز,5,1
تطبيق بمتهى الروعه شكرا لكم,5,1
اسعار غالي حيث سعر الانترنت المفتوح بسعر50الف اذا نزلتُ سعر الاشتراك المفتوح ل15 الف فراح اشترك بس اذا بقيتو على عنادكم بهذه الاسعار الاجرامية فنتم الطرف الخاسر,1,0
برنامج رائع,5,1
اضربة بالنعال من تطبيق فاشل كل مرة القاه مسوي تسجيل خروج من كيفه ومعلك ميسوي تسجيل دخول,1,0
التطبيق زبالة خصوصا من ناحية خدمة العملاء ، لا يوجد خدمة ابداً ، لا يستحق حتى نجمة ، خدمة العملاء تراسلهم لا يردون تبقى محير,1,0
ماكو فرق مابي شي مميز 😒,1,0
جيد جدا,5,1
تطبيق جدا لطيف وسهل,5,1
تطبيق عباره عن سجل دخول وسجل نعالات,1,0
برنامج زبااااله لحد يسوي,1,0
كلمه وحده بس همه 56 وزباله دفعت 25 الف وكلشي ما حصلت,1,0
اعلانات مزعجة جدا,1,0
خط اي ميزه ما بي الله شاهد بلعكس نهيبه هوه وعروضه لو شركة زين حايره بالخط الاثير مالتها احسللها من مسويه هذا عمي صدك تحجون,1,0
جيد,5,1
فاشل,1,0
اقل كلفه للدفع هي 5 الف عراقي بدلأ من 10 الف عراقي,1,0
التطبيق يضل يحمل ومايفتح شنو السبب ؟,5,1
روعه ماشاءالله,5,1
جيد جدا,5,1
زباله+ غالي+ شگيتوني بأعلاناتكم ياخي,1,0
كافي اعلانات حاطين وحده طيزه بكد راسكم,1,0
سيء وكاذبين,1,0
اعلانات برنامجكم مزعجة جدا جدا جدا,1,0
هاي اللي بالاعلان لبسوها ملابس مال شغل مو مال نوم فدوه,1,0
رااقي,5,1
رائعة,5,1
ممتاز,5,1
تطبيق فاشل فاشل فاشل لحد ينزله,1,0
اوودي اشترك بالباقة واربح تناحة,1,0
منتاز,1,0
لماذا لم استطيع أبث نت لي جهاز أخر هي أحله شي بي اودي,1,0
افشل خط وافشل شركه والعبو انفسنه بعلاناتهم,1,0
افضل برنامج أنترنيت واتصال مجانآ انصح الجميع ينضم الى اودي 😍شكرأ شركة زين ❤️,5,1
very good,5,1
الأول في العراق,5,1
Amazing digital SIMfrom Zain Iraq,5,1
Amazing digital SlMfrom zain lraq,5,1
لم يعد يعمل تم فحصه على 3 اجهزه من ضمنها الجهاز سامسونج اس 25 الترا... هونر اكس 8 بي وهاتف تكنو كامون 30 برو 5 جي..,4,1
ما حبيته,1,0
اوووووي,1,0
اعلاناته اباحية لو اكو اقل من نجمه چان هم حطيتها,1,0
سخيف والأسعار ناررررر,1,0
ما متميز بأي شيء عن عروض اسيا مثلا او كورك(سابقا) بالعكس فائده اقل بسعر نفسه معدى أعلانات ساقطه بكل معنى الكلمه بس بقه اغوائات جنسية حتى تستخدم التطبيق هاي ما طبقتوها حاليا...,1,0
اعلاناته مخلة وخادشة للحياء,1,0
السلام عليكم يظهر عندي لاعلان وهوا سييئ جدا لناس لملتزمين لا اعلم لماذا يجب ان تكون بنت كلها اغراءات وفي بداية الفيديو ولهذا لم اكمل اساساً الا يجب احترام لملتزمين يوجد الكثير من أنواع الترويج فلماذا هذه الطريقة ولهذا السبب لم نتعامل معكم واتمنى ان ترتقو وتصلحو هذا لامر ولكم جزيل الشكر والسلام عليكم,1,0
والله بس جاي انزلك انبور طفرتني كل دقايق يطلعي الفديو مال اود وتستحقون نجم والله طفرتوني حت بل فيس بوك تطلعولي,1,0
جيدة,5,1
البرنامج صار كم يوم د يسوله الصيانه و ما كملت,2,0
سمعت عن اودي واريد اشتري خط 🍑🍑🤣,1,0
ليش التطبيق متوقف ولا يعمل,1,0
تطبيق اودي بي نت ودقايق اتصال,5,1
مميز,5,1
ازحمه وين مراكز البيع اريد اشتري وين مراكزكم بغداد,4,1
جيد جدأ,4,1
افشل تطبيق وياريت مجيت علية سولنا حل ميفتح التطبيق كلما اجدد الباقه مديطلع عدي ولا أكدر اتصل ولا نت بي شنو الحل؟؟؟؟,1,0
افشل برنامج وافشل خدمات عروض ما بيها خير عروض غاليا وخدمات سيئة مجرد خدمة فاشلة,1,0
تطبيق ما يستحق التجربة ليس لشيء غير جيد في التطبيق بل بسبب (الاعلانات الاباحية) التي ينشرونها في منصات التواصل الاجتماعي وخصة اليوتيوب ويضهر لي اعلانهم على اليوتيوب ويكون اغرائي متعمد بشكل لا يمكن تبريره لدرجة انك تستطيع (ملاحظة الملابس) الداخلية للفتاه ونضرك مباشرة يسقط على مخرتها. اتمنا ان تعي يا صديقي المستخدم ما ارمي له ربما طفلك او أحد افراد اسرتك يرا هاذ (الاعلان الاباحي) او على شاشة الكبيرة في صالت بيتك مع عائلتك.,1,0
ممتاز,5,1
روعه,5,1
بالنسبة لي تطبسقات اودي للمجانية غير مفعلة اعداداتها مسيطر عليها,1,0
وفقكم الله,5,1
ما يقبل رقم الموبايل كامل لا يدخل الرقم حلو هاي المشكله,2,0
حلو البرنامج ويا عروض هواي لاتفوتون الفرصه حمل التطبيق,5,1
يستحق 10نجوم,5,1
فري بطي zج خل يكوم مالي😂,1,0
النت بطيء جدا ومتقطع على الرغم من اشتراكي ب ٥٥ الف,1,0
تطبيق جداً سيئ 👎 بي بعض المشاكل يرجى حلها بأسرع وقت ممكن فضلاً,1,0
البرنامج سيئ ادخل على التطبيق مايفتح ارجو المعالجة,2,0
حلو,5,1
التطبيق معد يشتغل شنوو السبب + بيانات ماكو,1,0
اتمنا تصلحون الاخطاء بلبرنامج لأن اكو خربطات بي ورجأن لدخلون البرنامج بل خط لان حالين اريد اتصل ميصير فا هاذه يعتبر عيب,5,1
تمام,5,1
روووووووووووعععععععععععااااااااا,5,1
Nice,4,1
فاشل,1,0
الخدمة كلش زبالة بالمجيب مالتكم وكلش تعبانة والشريحة متوصلك بالوقت المحدد صارلي يومين منتضرهة حاجز وماكو جذب بجذب,1,0
حلووو,5,1
Nice. App. صديقي يقول جيد في العراق لم استخدمه. امتلك شريحه اسياسيل. eSiM واستخدم خدمات ماكس كارد و غيرها من تطبيقات و خدمات {اسيامول}. احيانا تاخذ نقود اكثر ولاكن انها تعمل 100% في جميع انحاء العراق تستحق السعر المطلوب وفيه عروض كثيره. تواصل مع دعم الشركه واجعلهم يختارون المناسب لك من استخدامك للجوال. انا افضل تاخذون حزم فيها انترنت كثير 15 الى20 انترنت GB. . . . مكالمات 500 او 1000 لكل الشبكات هاذي مره كثيره مع وجود واتساب و غيرهم. واغلب شركات الان لديهم عروض تجمع الاثنين. 😁 التوفيق للجميع🥰.,5,1
جيد,5,1
الاعلان مالتكم هاي وحده من خواتكم,1,0
لدي خربطه بالتطبيق وما يفتح لدي التطبيق,1,0
برنامج خر،ه,1,0
"سلام عليكم اتمنا تضيفون لعبت eFootball""مع ال بوبجي و فيفا و لودو يعني تطبيقات المجاني وشكراً",5,1
تطبيق جداً سيء وهذه النجمة من اجعل ان أكتب تعليق,1,0
نرجو توفر التطبيق في محافظة ميسان,1,0
يعد من أفضل التطبيقات الندرنتنيت البجاني It is a good application that I learned from it,1,0
عندي خط اسيا عادي احوله اودي ورقمي يبقه نفسه لو لا يتغير,5,1
اعلانات التطبيق مال اودي خسيسه وفاسده في جذب الناس . والبنت الي تسوي إعلان بشكل مخل وفاسد .ما عندها اي شرف,1,0
ازعجتونا بالاعلانات,1,0
فاشل,1,0
التحديث الجديد بي مشاكل يارت تنحل مثل كتبابة الخط غير واضحة,1,0
ممتاز,5,1
كافي تطلعون لي اعلاناتكم,1,0
جميل,5,1
عمي دولوا كاعد اباوع فيديو ويطلعلي علان شبيكم خالي كافي,1,0
فاشل يعني اسعار اشتراك الانترنت حيل غاليه عن الاثير تندمت من حولت خطي طريقه جديده للسرقه لا غير,1,0
نزلت التطبيق طلعلي التطبيق تحت الصيانة؟! وماانفتح,1,0
تطبيق سيء جدا وخدمة عملاء اسوء شركة فاشلة بمعنى الكلمة,1,0
اعلانات كاذبة,1,0
أواجه مشكلة البرنامج صار ميفتح يمي و مكتوب حالياً د نحدث التطبيق بس هو ميحتاج تحديث شنو الحل ؟,2,0
جيد,5,1
ضيفو لعبة بيس موبايل,1,0
التطبيق لا يفتح عندي من البارحه يكلي دنحدث بي,2,0
برنامج روعة بصراحه من ناحية الخدمة والعروض بس توقف التطبيق ماعرف السبب ممكن طريقة بديلة لتعبئة الرصيد,5,1
التطبيق بي مشكله مجاي يفتح شوفولنه حل,1,0
الاجراءات داخل التطبيق غير مريحة وعندما اطلب شريحة يبلغني ان هنالك خطأ من دون ذكر نوع الخطئ لتصحيحه,1,0
خط فاشل لازم اخلص مده اشتراكي بلباقة يلا اگدر اشترك في باقه ثانيه وهاذ تدخل من الشركه في شأون العميل وحركة فاشلة,1,0
سيء في الاعلان قال لي مجانأ وثبته لكن يقول لي الان شحن رصيد ما هذا الكذب,1,0
تطبيق فاشل ما انصح واحد ينزله والفلوس على اعلانات حرامات التقييم 0 نجمة وشويه قللوا من الاعلانات,1,0
شنو هذا الاعلان السافل كل شويه طالعلي وحده تستعرض بخلفيتها كافي دمرتونه تره مع الأسف هاي الشركه تسوي هيج اعلانات هذا اغراء مو إعلان,1,0
سيئ,1,0
سيء,1,0
بارك الله فيكم,5,1
جيد جدآ / ⭐⭐⭐⭐⭐ 🤠,5,1
التطبيق متوقف عندي حاليا وما يشتغل تضل الشاشة بيضاء,2,0
برنامج وشريحة روعة شكرا لكم بس اكو فد شي ميعجبني جان قبل الهدايا لدى شراء باقة مفتوحه وحاليا محدودة,5,1
اكدر اخلي خط يرجع عادي بدون اودي,1,0
العروضه الشهريه غاليه جداً جداً اني مشترك اسياسيل بغير اسعار مناسبه جداً تطبيق فاشل,1,0
جيدا جداً,5,1
اريد احول خطي اودي وين احوله,1,0
جيد,5,1
جيد,5,1
تطبيق يشكل ممكن حل,1,0
تطبيق سيء جدا ما يفتح,1,0
جيد جدا,5,1
افضل خط جربته بحياتي وشكرآ جزيلآ لكم,5,1
هل الاتصال المباشر يعمل لو نيت فقط,5,1
البرنامج متوقف يرجى حل المشكله رجاءا,4,1
ممتاز,5,1
رائع,5,1
حاليا افضل خدمات مقدمة,5,1
فاااااشل ما يستحق التنزيل,1,0
راقي,5,1
راقي,5,1
خدمة العملاء جداً سيئه صارت لي مشكله بالنت خلص الاشتراك ومحلوها اتصلت عليهم اكثر من ٢٠ مره,1,0
ماكدر اشتري خط من البرنامج وشلون,5,1
السلام عليكم من ادخل ع برنامج اودي ماتطلع الدقايق المجانيه والميكات يطلعلي بدل شريحة خطك,5,1
جيد,5,1
احسن تطبيق,5,1
نعم,5,1
فاشل,1,0
البرنامج لايفتح ولا يعمل بعد التحديث هو بالعكس يتحدث بعد مايشتغل هاي شلون تقنية صار ٣ ايام,1,0
افضل برنامج انترنيت وتصال مجانآ انصح الجميع تنضم ل اوودي مفيد جدا جزيل الشكر والتقدير لشركة زين,5,1
شكراً علﮱ هذا التبيطق الجميل 🇮🇶❤,5,1
برنلمج انصح به,5,1
بس بلازحمه البرنانج متوقف عندي طلب تحديث من البارحه واريد اجدد الباقه بس البرنامج مدايفتح اريد طريقه باسرع وقت عملي متوقف وشكراااا,1,0
جيد جدا,5,1
روعه عاشت الايادي,5,1
لا مثيل,5,1
سيئ جدا و ارتفاع واضح باسعار باقة الزيادة مع العلم لم يتغير شي و لم يزداد دقائق الباقة حتى انصح الجميع بعدم التوجة الى اوودي لكونهم بدوا بستغلال ميزانيتكم من ناحية بث النت و من ناحية ارتفاع اسعار باقة الزيادة مع العلم تراسلهم من الوتس نفس الرد و من الانستا نفس الرد و الفيس نفس الرد الرد واحد لضمان جودة الخدمة و الخدمة ما تغير بيها شي غير اخذو فلوس زيادة 📍📍نصيحة لحد يحول اودي خاصتا اذا زين بعد ما تكدر ترجعة زين,1,0
اليش ما كو تعبئه الرصيد عن طريق بطاقة الائتمان. ماستركارد. غير اكو تعبئه الرصيد عن طريق ماستركارد. فقط زين كاش. اغلبه مشتركين في خطوط oodi ما عندهم زين كاش.,1,0
احسن من اسياسيل,5,1
افضل برنامج,5,1
راع,5,1
خدمات جيدة,5,1
الطاطبيق كلشششش فادني وا من احسن البرامج وا 🌹شكرا,5,1
سيئ جدا من ناحية ارتفاع الاسعار و قل الخدمات,1,0
ججححخخخخ٠٩٩9٠9,5,1
اختر اودي والباقي على الشركة,5,1
سه بري سه ر,5,1
ممنتاز,5,1
نرجوا إرجاع خاصية تعبئة الرصيد عن طريق البطاقات الائتمانية الفيزا او الماستر كارد بأسرع وقت ممكن.,5,1
فاشل صار ساعتين اريد اجدد باقة و التطبيق متوقف,1,0
جيدة جدا,5,1
خدمة رائعة,5,1
صاااير سيء كللش,1,0
برنامج فاشل وشركة فاشلة تتصل بيهم ميجاوبون,1,0
إخواني، نصيحة من قلبي: لا أنصحكم بالاشتراك في هذه الشركة، فهم يستنزفون أموالكم. لدي تجربة سابقة معهم، حيث كان لدي رصيد قديم ولم أشترك في أي باقة، وبعد تعبئة رصيد جديد، اختفى الرصيد القديم بالكامل وبقي فقط الجديد. حاولت التواصل مع الدعم الفني لكن دون جدوى؛ لم أتلقَّ أي رد. هذه الشركة تابعة لشركة زين، والتي أيضاً معروفة باستنزاف أموال الناس. نصيحتي لكم، تجنبوا الاشتراك معهم.,1,0
والله افشل خدمة,1,0
زباله,1,0
اعلانات مزعجة,1,0
تطبيق فاشل وخدمه نصب واحتيال حسبي الله ونعم الوكيل,1,0
اكبر حراميه هيه شركة زين واسيا بعد مو برنامج علمود البوك,1,0
مرحبا يا شركت اوودي عندي بس تفسير واحد اني اريد اخذ الشريحه من دون علم احد شلون بعد ما خلصت كل الاجرات يكلي شلون تحب توصلك الشريحة وهم اني ما عندي واساب او سيمكرت شلون اتواصل وياكم عمود احل هاي المشكله هل عدكم شي رقم علا انستكرام يعني بلا زحمه... وشكرا 💐 ــــــــــــ يا اخي التلفون ما بيه سيمكارت شلون اطسل علا الواساب او الرصيد,4,1
جيد,5,1
زربه على هيج تطبيق مو دمرتونه بالعلانات 💩💩💩💩🎃🎃🎃🎃🎃💩,1,0
شكرن علا هاذا البرنامج الرائع,5,1
🥰🥰,5,1
جيد,5,1
فاشل فاشل تمامن مايسحق نجمه وحده,1,0
عندي خط زين احول الى اوودي يبقى خطي نفس الرقم لو احصل علي رقم جديد. الاتصالات الشبكية تعمل لو فقط البرامج. استطيع الاتصال بباقي الشبكات,1,0
افشل تطبيق بل عالم مو بل عراق,1,0
انعل ابوكم لابو الجابكم,1,0
فاشل,1,0
❤️,5,1
الانتر نت يخلص بسرعه,1,0
يسجل خروج تلقائي كل فتره ومكدر ارجع ادخل علي ادخل على الفيس يدفرني اروح للكوكل يصطرني راشدي لو سونه لو نهج من عنده,2,0
اعلاناتكم خايسه,1,0
جدا سيئ والدعم اسوء والنت سيئ,1,0
تضيفون لعبه بيسeFootball,5,1
👍👍👍👍👍👍🌹🌹🥰,4,1
حله برنامج والله,5,1
اودي اول للعراق,5,1
اعلانات مزعجة بكل مكان حالكم حال ابواب دكافي عاد لحيتو,1,0
سيء,1,0
جيد,1,0
التطبيق مو راضي يشتغل لحد يحملة,1,0
تمام,5,1
حلو,5,1
تطبيق فاشل و غير فعال.. ارجوا من شركة قوقل و متجر قوقل إزالة هذه التطبيق بأسرع وقت ممكن لان لايمتلك المصداقية... شكراً قوقل,1,0
ممتاز جدا,5,1
كل بلاش اعاني بي 500 جماعة الاخوان تعالو,5,1
فاشل برنامج كل م ادخل يطلعني م يستحق ولا نجمه,1,0
عا,2,0
يحتاج نت .. ميفيد,1,0
رديء,5,1
سخيف جدا وغالي ماكو واحد يشتري سمك بالنهر شركه فاشله وحراميه,1,0
مرحبا ما يصير مثل كورك انا بدي رقم الهاتف كورك دخل,1,0
اول,1,0
أريد ان اجرب التطبيق لكن لا املك نشاط تجاري,4,1
جيده,5,1
بس الوكلاء محد يحدث برنامجهم,1,0
راجع,5,1
جيد جدا,5,1
برنامج بعد ماتحدث صار فاشل كل يوم عم يفشل زين كااش يعني لا تكدر تودع اموال غير محافضه لا يرجع راجع كلشي ماتفهم من برنامج,2,0
ممتاز,5,1
كلش حلو يابة 🫠🫠,5,1
جيد,5,1
التطبيق من سيئ الى اسوء والاسعار غالية والوكلاء بدو يتركو ويشوفون غير تطبيقات ¿,1,0
تجربة جيدة,5,1
يعني إلى متى تبقى مشكلة إيقاف وضع المطور ويتم إيقافها إجباري بسبب البرنامج يا ريت تنحل هاي المشكلة وتخلونا نستخدم الجهاز وميزاته بكل أريحية رجاء.,1,0
را,5,1
من خلال التحسينات الجديدة اصبح التطبيق فاشلا ب سبب عديمي الفهم لأننا و ب سبب اننا لدينا استخدامات كثيرة للزين كاش وكلاء,1,0
جيد,5,1
زابب,5,1
التطبيق ثكيل,1,0
جيد جدا,5,1
حمد حسن اولادحسن,5,1
جيد جدا,5,1
التطبيق جيد..... ولكن عنَد الدخول إلى اختيار صور لاضافه مستمسكات.. لا يحول إلى معرض الصور في الموبايل,5,1
واو واو واو واو واو واو🤦🤣,5,1
ممتاز جدا,5,1
جيد,5,1
الكامره لا تعمل ويه الاجهزه الحديثه مثل s23 S22 Not 20,1,0
تطبيق سيئ جدا عندي ١٣ مليون تجمد بالرغم من اني وكيل و سرقو افلوسي بداعي تجميد من بنك النركزي,1,0
فاشله,1,0
السلام عليكم اني ماعندي محل بس ابيع رصيد يحقلي استخدم تطبيق الوكيل,1,0
فديتك,5,1
تطبيق ليس له منافس رقم واحد، لكن ثقيل جدا في بعض الاحيان,4,1
شوفو حل للبطئ الي بي,1,0
التطبيق حيل بطيء بل تحميل,4,1
AS7 🇸🇦🇸🇦🇸🇦,5,1
روعه 2,5,1
ابو أسينات الحجامي مر من هنا وكيل زين كاش في صلاح الدين مكتب الساحل يثرب,5,1
رائع,5,1
تطبيق راقي جدا,5,1
نجربه,5,1
لابأس به.ولكن يفتقر الى المرونة بالاستخدام,4,1
العباس على اساس,5,1
كل ارباح مابي فقط للزبون,1,0
ممتاز,5,1
ارباح لا تتناسب معه ابدا... بالاضافة مشاكل تقنية بالتثبيت و التحديث باستمرار,1,0
بعد التحديث يوم ١٣ /١٢ شنو الجديد اللي انضاف الى البرنامج، فقط الطباعة لاتعمل يعني من سىءالى سىء، ولا نجمه يستحق بعد التحديث,1,0
جيد جدا,5,1
جيد,2,0
جيد,5,1
تطبيق رائع جدا,5,1
اهم فقرة اتنزلون بي جميع فئات كارتات تعبئة الهاتف النقال لجميع الشركات وماسويتوا لذلك التطبيق اعلن عن فشلة اهم شي كارتات اسياسيل ومابي حتى نجمة مايسوه,1,0
زباله صاير بس يصفن,1,0
ممتاز,5,1
فاشل ومتوقف,1,0
🤔🤔🤔,5,1
التطبيق كل يومية العصر يوكف ياريت تحلون المشكلة لان دنتفاشل وي الزبون,1,0
جيد جداً,5,1
راقي,5,1
علي,2,0
بعد التحديد مزعج,1,0
روعه,5,1
روعة,5,1
خرافي,5,1
راقي جدا,4,1
ممتاز,5,1
جكرن,5,1
ارجو من القائمين على البرنامج اضافة استرجاع البطاقة الالكترونيه برسالة الى الرقم الخاص بالوكيل لان غالبا ترسل البطاقات الى ارقام غير معروفه عن طريق الخطأ ولا نستطيع ارجاعها الا عن طريق الاتصال بمقر الشركه وهذا الشيء به نوع من التأخير ويكون الزبون في عجله او صاحب الرقم يستخدم البطاقة قبل استرجاعها لنا ..,5,1
نار,5,1
برنامج بطيئ جدا ولا يعمل بصورة صحيحة,1,0
ممتاز بس يحتاج برمجه وهيكلية جديدة لان تطبيق بطيء,5,1
لم يعمل معي ممكن السبب,5,1
لا يعمل,1,0
جيد جدا,5,1
نعم,5,1
افضل تجربة وافضل خدمة رقمية في العراق، شكرا جزيلا زين كاش.,5,1
جيد جدا,5,1
جيد,5,1
جيده,5,1
جيد,5,1
يحتاج تدعيم هذا البرنامج للافضل,5,1
جيد جدا,5,1
روعه,5,1
ممتاز,5,1
ممتازة,5,1
البرنامج طلب تحديث و عندما قمت ب تحديثة لم يفتح و يفصل و يخرج الشيء التعيس الثاني ان هنالك توقف و تعليق في البرنامج و بصعوبة يتم تعبئة الخطوط,1,0
بطيء,1,0
ممتاز جدا,4,1
لايخدم وانته ليس فيه ارباح ولا يمكن اختيار رقم الزبون من الهاتف,5,1
جيد جداا,5,1
مفيد جدا,5,1
مفيد جدا,5,1
جيد جدا,5,1
ممتاز جدا,5,1
المفروض نكدر نختار الرقم من جهات الاتصال أسرع وتقليل للاخطاء,2,0
برنامج جميل بس شي واحد مش مضبوط الخصم بالكارتات هواي,5,1
ممتازة,5,1
برنامج فاشل,5,1
حلؤ,5,1
التطبيق اتوقف بدون سبب توفر النت ويكول عدم الاتصال,1,0
ملاحظة / * اولا : - ربط جميع المحفظات اللكترونية تابعه لزين كاش العربيه ولخليجيه ولدولية (توحيدها)لسهولة التعامل. *ثانيا : - نطلب من سياسة الشركةالبرنامج عمل علاقة وربط مع ،، الوسترن يونيين ،، ولبنوك سوف يصبح تطبيق جبار,5,1
رائع,5,1
تطبيق تعبان كلش,1,0
السلام عليكم يرجى إضافة خاصية شحن رصيد حساب الزبون بالدخول على رقم الزبون من قائمة اسماء الهاتف (كما هو الحال في المحفظة الدائمية). شكراً لكم,4,1
أريد شحن هدايا لبرنامج Tik Took هل يوجد بهذا التطبيق,1,0
ممتاز,5,1
تماام,5,1
التطبيق اصبح افضل. نحتاج فقط امكانية طباعة الرصيد اضافه الى التعبئه المباشرة. يعني اغلب الزبائن يردون كارت ياخذوه وياهم,5,1
افران,5,1
برنامج جيد لكن الشركه تعاملها ليس جيد,1,0
رووعه,5,1
بوركتم,5,1
جيد جداً,5,1
جيد جدا,5,1
محفظه رائعه,4,1
شكرا لكم,5,1
جيدآ,5,1
خدمة رائعة جداً,5,1
زين جيدة,5,1
التطبيق جيد الى حدا ما لاكن لايوجد دعم,2,0
لا يفتح كامرة عند تفعيل محفظة رجاء لحل,1,0
ممتاز جدا,5,1
تطبيق بعد متفتح الكاميرا بي من افعل محفظه لزبون,1,0
جيد لكن يحتاج المزيد من التطوير,4,1
هلو حبيبي امام علي انا الامام العباس,1,0
تطبيق رائع,5,1
ممتاز,5,1
ممتاز,5,1
رائع,5,1
🌹🌹,4,1
بەرنامەیەکی تا بڵێی خراپە ئێوەش ئیهمال لەگەڵ وەکیلەکان چەند وەحدەم ڕۆیشتوە تا ئێستا دینارتا بۆ نەگێراومەتەوە پارە دەڕوات کارت نایەتەوە من وازم لێ هێناوە,1,0
#مرفوض,1,0
شركه سيئة جداً في التعامل مع العملاء... وأنصح بمقاطعتها كليا.... تبا لكم... نصابين,1,0
ارباح قليله,1,0
طفي تلفونك٩/٩,1,0
كان اشتراكي شهري ادفع وما احكي ويطلع علي فاتوره اني احكي اكثر من المسموح والتأخير فصلوه واشتكو وانا ادفع وتحميلها رجع الخط اه ساعه بكون شغال طبعا نصابين وانا لاحقهم ب ٩٠ دينار وبعد سنه لاخذتهم انتبهو المكالمات والاشتراكات لانهم الموظفين اغلبهم حراميه,1,0
برنامج جميل لكن تشوبه بعض العيوب مثل قلة الارباح وعدم وجود خاصية اختيار رقم الزبون من جهات الاتصال بشكل مباشر مما يسبب بزيادة الاخطاء عند التعبئة وكثرة توقفه بشكل مباشر (لا يمر اسبوع دون خضوعه لاعمال صيانة),4,1
جيد,5,1
تطبيق فاشل فاشل فاشل,1,0
توب,2,0
عبوسي,5,1
....،,1,0
برنامج رائع,5,1
برنامج رائع جداً,5,1
ارباح قليله للاسف,1,0
صار اكثر من مره اتصل بالشركه لتفيل زين كاش وكلاء وماكو نتيجه اني صاحب مكتب,1,0
ممتاز,5,1
سلام عليكم,5,1
والله أرباح ماتسوه التعب,1,0
ممتاز,5,1
جيد,5,1
جميل,5,1
جيد جدآ,5,1
ممتازه,5,1
سيئ سيئ الأرباح قليلة جدا لا يستحق الاستعمال يجب أن تكون الأرباح على الاقل٥%,1,0
ممتاز,5,1
جيد,5,1
هلو,5,1
روعه,5,1
جيد,5,1
يابه مايصير هيج العمولات البرونزي كلشي ممستفاد زيدو العمولات,1,0
Good,5,1
برنامج ممتاز,1,0
ممتاز,5,1
ممتاز,5,1
تم تقليل العمولة و هو غير نافع,1,0
هذ تحديث الله عليكم حذفتو الماستر كارد تحديث غير ملائم,1,0
dlin,5,1
زین 😍,1,0
جيد جدا,5,1
بطيء بالاستخادم,1,0
برنامج جيد لكن الارباح قليله ويجب استخدام البصمه بدل الرمز,5,1
بصراحة تطبيق راقي يحتاج بالتحديث القادم تضيفون على تعبئة بطاقات زين الدخول لجهات الاتصالات مثل المحفظة العاديه لان اغلبنه الوكلاء عدنه زبائن ارقامهم ثابته ونتعامل معاهم من خلال مكالمه نحول الهم طبعا يسهل عمليه التحويل وتكون بشكل اسرع اتمنى النضر بهذا الموضوع وطبعا موضوع الارباح لو ترفعونه شوي لان قليله,5,1
بصراحه التطبيق راقي وحلو لكن الارباح قليله لو ترفعونها شوي,5,1
ممتاز,5,1
رائع,5,1
تطبيق جميل لكن الارباح قليله يجب ان تكون الارباح 5%,5,1
جميل جداً,5,1
جيد,5,1
زيادة الأرباح,1,0
جيد,5,1
عاشت ايدكم بلكي اتفعلون خاصية النسخ واللصق علمود اسهل واسرع,5,1
باقي بس اظافة الطابعة و يستاهل 10 نجوم,5,1
ممتاز 😍😍😍,5,1
جيد جدا برنامج فوق الروعه,5,1
جيد جدا,5,1
جيد,5,1
جيد,5,1
Ok,5,1
عع,5,1
تطبيق رائع جدا بس يرادله تزويد أرباحه وشكرا,5,1
جيد,5,1
ارجو زيادة الارباح لان الارباح حيل قليله,2,0
روعه,5,1
ميفيد,1,0
كيف يتم طباعة الكارتات عبر الورق الحراري,5,1
مرحبا التطبيق لا بأس به لكن الارباح الخاصة ببطاقات التعبئه يجب ان تكون 10% لانها لا تكفي حاجه الوكيل لانها قليله جدا 3% وايضا مهم جدا اضافة خاصية استخدام بصمه الاصبع بدلا من ادخال الرمز السري لانه مزعج وسهل الاكتشاف احيانا بسهوله,2,0
فاشل بمعنى الكلمة الارباح مضحكة وسعر الرصيد اغلى من سعر الكرتات البلاستك والبرنامج ثگيل بس اخلص الرصيد الغي البرنامج,1,0
اقترح زيادة الارباح,5,1
جيدجدا,5,1
برنامج فاشل فاشل لأنه الحصول على الوكالة غير مجاني ولا يتيح الحصول عليها مباشرة من الشركة إلا بعد أن يجي وكيل الشركة ويطلع على المحل و يشوف الشغل ودوخة راس,1,0
جيد جدا,5,1
تمام,5,1
السلام عليكم,5,1
حيد جدا,5,1
روووووعة,5,1
برنامج رائع لكن المشكله ميفتح الا نت موجود,1,0
جيد,5,1
عراقي عجبتني,5,1
محمد محمد,5,1
فاشل بمعنى الكلمة,1,0
كيف البرنامج يشتغل بدون نت ترى البرنامج حيل ثكيل,2,0
شلع قلبي,5,1
جيد,5,1
بعد تخفيض نسبة الارباح اصبح غير ذي نفع,1,0
"بعد تقليل الارباح كثير من العملاء استغنوا عن خدمة زين كاش واني واحد منهم 
الوكيل عيشته بالارباح تقللوهن ليش",1,0
قلت ارباح التعامل والمبيعات,2,0
التقييم بنجمتين بسبب انخفاض نسبة الأرباح وهذا الامر سيئ جدا,2,0
ممتاز,5,1
ارباح الاضافية ليش صار قليل. ?,5,1
جيد جدا,5,1
لو تضيفون ابو ٢ بتعبئة الرصيد يكون افضل ..,5,1
Ok very very,5,1
جميل جدا,5,1
جيد,5,1
برنامج رائع جدا,5,1
سيئ,1,0
جيد,5,1
برنامج رائع احسنتم,5,1
شكرا لكم,5,1
This APP is very good,5,1
رووووعه,5,1
روووووعه ويستاهل   واني اكثر شغلي بالمحل عليه يستاهل👈⁦⭐⭐⭐⭐⭐ نجوم,5,1
جداً رائع,5,1
برنامج رائع جدا جدا,5,1
جميل جدا,5,1
ررروعه نرجو اضافه فقره الوصول الئ الاسماء من خلال التطبيق والاسعار جيده,5,1
زين  روعه  بس بيه عيب واحد  احنه الوكلاء اهل المفرد مامستفادين كلشي لكم التعليق,5,1
تطبيق رائع,5,1
عاشت الايادي تطبيق رائع وارجو تفعل خاصية الوصول الى الاسماء او الارقام من الهاتف,5,1
برنامج في غاية الروعة من شركة زين يتيح ويسهل الكثير من امور الشراء والتحويل المالي,4,1
رهيب,5,1
ممتاز,5,1
مزيد من الميزات,5,1
ممتاز,4,1
جدا رائع 🤩,5,1
تطبيق فاشل وشركة فاشلة هذا التحديث لا يعمل على هاتفي ون بلس 12e,1,0
تجربة جيدة مع آسياسيل . برنامج ممتع و مفيد ...,5,1
احبكم,5,1
جيد,4,1
جيد جدا,5,1
انهو رائع جدا جدا,5,1
شكرا,5,1
ظي,5,1
yas,5,1
تطبيق جيد زياده في سعة الانترنيت عند تدوير العجله حتى يشترك اكثر عددمن المشتركين الاسيا,5,1
جدا جميل,5,1
فول,5,1
تطبيق فاشل وخدمة افشل كل ثانيتين و كل خطوة يطلب تحديث و العروض افشل عروض وتغطية الشبكة تراجعت بشكل مزعج,1,0
التطبيق ممتاز واجه تطبيق جميله سلسة استخدام حلو بس لازم تتطورا ذكاء اصطناعي لن بطئ برد عن باقي ذكاء اصطناعي بس صراحه تطبيق روعة بس يصير عندي تكنو كومن 40 برو 5 جي احلى شريحة 5g بس سؤال اخير في باقة انترنت 5 جي ❤️❤️❤️😘🌹,5,1
جيد جدا,5,1
جيد جدا,5,1
جيد,4,1
عضيم,5,1
متاز,5,1
ممتاز,5,1
جداً ممتاز,5,1
رؤؤعه,5,1
تطبيق حلو ومرتب,5,1
احسن تطبيق بالعالم,5,1
جيد جدن احسنتم علا هاذ البرنامج,5,1
ممتاز,5,1
كثرو الميكبتيت,2,0
تطبيق رائع وجميل يوفر خدمه مجاناً شكراً لكم.,5,1
جيده جدا,5,1
لا مثيل لا,5,1
ممتاز,5,1
ممتاز,5,1
جید,5,1
حلو,5,1
شكرا,5,1
جيد جدا,5,1
جيد جداً,5,1
تجربة جميلة,5,1
لا يمكن تشغيل التطبيق,1,0
جيد جدا,5,1
تطبيق جدن رائع,5,1
جيد جدا,5,1
ممتاز,5,1
شكرا,5,1
برنامج رائع لاكن خدماتة لا تطابق الزبون يجب تفعيل أشتراك عشره أضعاف شهري,5,1
ممتاز,5,1
جيد,5,1
فول,5,1
حلو,5,1
شكرا,5,1
ممتاز جدا جدا,5,1
النت اصبح سى جد فى خط اسياسيل نرجو إصلاح المشكله وشكرا,1,0
جيد,5,1
ممتاز جداً,5,1
انة رائع جدأ,5,1
كلش حلو والله,5,1
جيد,4,1
👍,5,1
تطبيق رائع,5,1
جيد,5,1
رائع,5,1
خدمات ممتازة فبارك الله بكم,5,1
تطبيق رائع,5,1
جميل جداً جداً جداً,5,1
احسن تطبيق ابدعتم,5,1
جيد جداً,5,1
افضل تطبيق,5,1
شكرا لكم على تفاعلكم معانا شركة اساسيل,5,1
نرجوا من شركة. اسيا عدم سرقة المواطن كل يوم الاسعار صاعدة النت الاسبوعي الان سعره وصل 8 وخدمة رديئة الله ينتقم منكم,1,0
رقم واحد,5,1
جيد جدآ,5,1
جيد,5,1
حبيبي,5,1
جيد جدا,5,1
رائع,5,1
جيد,5,1
ممتاز,5,1
برنامج حلو ونحتاجه بكل اوقات وضروف,5,1
بس اكو مشكله هي الانترنيت المجاني نكدر نستعمله ال فتره و بعدين يروح ومنكدر نستعمله,5,1
لازم تنطونه مال رمضان هديه,1,0
عجبني,5,1
شكرا للانترنيت المجاني بس ياريت اتصير عدكم عروض مثل شركة زين العراق,5,1
ممتازه,5,1
جيد جدن رمببمب,5,1
❤️,5,1
ممتاز,5,1
جيد,5,1
احلى تطبيق,5,1
تطبيق جديد وسهل جداً جداً جداً وشكرا,5,1
لم يعد يشتغل التطبيق على هاتفي,4,1
جيد,4,1
حلو مرحبا,5,1
الحقيقة اكو باقات جدا جيدة والخدمه جماعه الاستفسار كذلك سؤال وجواب أيضا جيده و لكن احيانا التطبيق لايعمل الا بالنت؟,5,1
❤️‍🔥,5,1
من افضل التطبيقات لاشتراك الانترنت🔥,5,1
تطبيق جميل جدا جدا جدا جدا,5,1
تطبيق ممتاز,5,1
روعه,5,1
جيدة جدا,5,1
جيد,5,1
تطبيق عالمي,5,1
تطبيق مميز جدا,5,1
ممتاز,5,1
سيء جدا,1,0
منتاز,5,1
رائع جدا,5,1
مرحبا تطبيق اسيا سيل من اروع التطبيقات شكرا جزيلا تم مشاركة مع الأصدقاء والعائلة,5,1
تطبيق مفيد جدا,5,1
احسن برنامج,5,1
ممتاز,5,1
مفيد,5,1
برنامج جميل وخدمه حلوه وعروض كلش حلوه,5,1
كنت سابقا استخدم هذا التطبيق الجميل .. لكن حاليا يقول لا يتوافق مع نظام جهازك .. نرجو اضافة اصدار ثاني لكي يتوافق مع جميع اجهزة اندرويد وشكرا لكم,4,1
جميل جداً,5,1
جيد جدا,5,1
مميز,5,1
فول ومكفول,5,1
اعجبني كثيرا,5,1
تطبيق رائع,5,1
جميل جدا,5,1
واووو,5,1
يخبل مو برنامج ضيم,5,1
أفضل تطبيق وخدمات ممتازة,5,1
حلوو,5,1
ممتاز,5,1
خدمه الانترنت غير جيده جدآجدآ رديئه,2,0
أفضل تطبيق ع إطلاق,5,1
جيد جدا,5,1
👍,5,1
رائع,5,1
تطبيق جديد وممتاز,5,1
مذهل,1,0
جيده,5,1
جميل جداً 🌹🌹,5,1
ممتاز,5,1
ممتاز,5,1
جيد جدأ,5,1
❤️,5,1
رائع جدا جدا,5,1
ممتاز,5,1
جميل جدا,5,1
شكرا,5,1
تطبيق ممتاز,5,1
كلش مفيد,5,1
مذهل,5,1
جيدة,5,1
♥♥♥,5,1
🤍🤍🤍,5,1
جيد جداً,5,1
جيد,5,1
ممتاز جدا عروض حلوه,5,1
جميل جدا,2,0
جميل جدا ورائع,5,1
ممتاز ما شاء الله ماكو خدمه الخدمه كلش حلوه والنت حلو كل مكان موجود اسياسيل ما شاء الله ما شاء الله ما شاء الله يا الله خدمه في اسيا سيل وكيكات كلش حلوه الشهري كلش حلوه معروضات رمضان في اسيا ما شاء الله واساسيه تتقدم كل نت حلو وكل مكان مكان موجود نت لابو الصحراء او بالجبال او بالسهول او اي مكان او كذب الشارع او جنب البيت والله ما شاء الله اللهم صل على محمد وال محمد تطبيق يعني يقدم كل العروضات الموجوده في رمضان رمضان كريم عليكم عروضات رمضان كلش حلوه ما شاء الله حلوات وكلش خدمه اساسيه وضعي مكان,5,1
"للاسف بعد التحديث لم يعد يعمل وتطلع ""عبارة تم ايقاف asiacell""",1,0
❤,5,1
تطبيق مطور,5,1
تطبيق ممتاز,5,1
يرجى إلغاء فقرة العجلة ، ٢٠ميگا لا تكفي لماذا لا تجعلوا الأنترنت مثل شركة زين!! مجرد الدخول للتطبيق والضغط يعطيك ١٠٠ ميگا أما أنتم عجلة وكل ثلاثة أيام أو أربعة يلا تحصل على ١٠٠ميگا يرجى جعل الميزة يومية للإستفادة منها فلا داعي لـ٢٠ و٥٠ التي لا تفي بالغرض وخاصة عند الإضطرار!!,1,0
السلام عليكم ورحمة الله وبركاته كان لدي 17 محاوله في لعبه يلا فلاي اين الحدث او اللعبه,5,1
ممتاز,5,1
ممتازه,5,1
ممتاز,5,1
جيد,5,1
جميل,5,1
جيد جدا,5,1
شكرا جزيلا لهذا التطبيق والعاملين عليه كونه جميل وسهل وسلس نتمنى. لكم الموفقة الدائمة بأذن الله.,4,1
رائع.,5,1
جيد,5,1
اسيا سيل جوهرة التطبيقات ، التي تخدم الزبون بكل مواصفات التقنية الحديثة ، وتفتحت خدمات متعددة في كل المجالات بحيث المستخدم يجد كل حاجاته في شبكة واحدة وهي الرائدة في التطور ( آسيا سئل ),5,1
تطبيق رائع ولاكن لا يعمل اذا لم توجد لدرك انترنيت,5,1
مرحبا شركه اسياسيل من فضلكم جعل100ميغبايت ثابته كل يوم,5,1
ممتاز,5,1
👍جيد,5,1
جيد جدا,5,1
تطبيق روعه,5,1
جيد جدا,5,1
ممتاز جدا,5,1
مميز,5,1
جيد شكرا لكم,5,1
مومتاز,5,1
"لابئس جيد. انشالله بالمستقبل بعدافضل اكون ممنون شئ على شئ المصداقيه موجوده وهذا احترام لنا ولكم شكرا"".",5,1
ممتاز,5,1
💞,5,1
تمام,5,1
جيد جدا,5,1
🫀🫀🫀🫀🥰🥰,5,1
اسيا سيل 😍😍❤️❤️❤️❤️❤️🤍🤍 تطبيق رائع وشركه اروع ❤️❤️❤️🤍🤍🤍مليون نجمه ⭐⭐⭐🌟🌟🌟🌟,5,1
تطبيق جيد رائع,5,1
رائع,5,1
قوي,5,1
اوله,4,1
برنامج ممتاز,5,1
ممتاز,5,1
تطبيق ممتاز جدآ,5,1
كيوت,5,1
احلى تطبيق,5,1
التطبيق بطيئ,4,1
جيدجدا,5,1
حلو,5,1
ممتاز,5,1
احسنت,5,1
رائع,5,1
🩷🩷,5,1
جيد,4,1
برنامج حلو كلش,5,1
اسعار غاليه,1,0
شكرا جزيلا لك,5,1
ممتاز,5,1
حلو,5,1
يخبل,5,1
👍🏿,5,1
تطبيق رائع,5,1
جيد,2,0
Wonderful 🌹 🌹,5,1
الواجها غير جميلة وغير منتضمة,1,0
ممتاز,5,1
موفقين,4,1
good,5,1
هاااا,5,1
اعجبني جدا,5,1
جميل,4,1
✨✨,5,1
الافضل ✌️,5,1
ممتاز,1,0
❤️,5,1
تطبيق رائع,5,1
يجننن,5,1
افضل تطبيق بالعالم ولعباس ابو فاظل نت مجاني الف رحمه على والديكم ❤❤❤❤,5,1
جيد,5,1
جميل جدا,5,1
جيد,5,1
حلو,5,1
تطبيق رائع وممتع,1,0
تطبيق رائع,5,1
جيد جداً,5,1
ممتاز,5,1
جميل,5,1
جيد,5,1
تطبيق فاشل وشركة فاشله تطبيق يطلب اندرويد 7 وجهازي اندرويد 13 ويكلي غير متوافق,1,0
تطبيق رائع وفيه كل مايحتاجه المشترك,5,1
نت بطيء ومايسوه,1,0
بس بسرعة تخلص ياريت تبقه هوايه,5,1
جيدا,5,1
جيد,5,1
جميل,5,1
جيد جداً,5,1
احله شركه انتصالات,5,1
احسن تتبيق,5,1
تطبيق جيد,5,1
ذهب,5,1
تطبيق روعه,5,1
😘😘😘😘 يجنن,5,1
جميل,5,1
جيدد,5,1
ممتاز جيد جدا,5,1
رائعة جدا شكرا لكم لهذا التطبيق,5,1
تطبيق راقي يستحق 10نجوم,5,1
cool,4,1
رائعون,5,1
أكثر من رائع,5,1
رائع جدا,5,1
تطبيق جدا حلو ومفيد,5,1
جيدا جدا,4,1
شكرآ لكم,5,1
اسيا فقط مع سلامه,5,1
كلش حلوو,5,1
جداً رائع وتعامل جيد,5,1
نزلوا والله ياخذ اكثر من 5 نجوم,5,1
ممتاز,5,1
كلش حلو يطي نت مجاني بس المشكلة ليش مايفتح اليوتيوب,5,1
جيد جدا,5,1
جيد,5,1
جميل ونأمل المزيد من العروض,5,1
ممتاز و احسن تطبيق 💯,5,1
عند استخدام الأنترنت المجاني من العجلة فقط فتح صورة او ارسال رسالة عندها ستصلني رسالة تقول ( عزيزي المشترك لقد استهلكت الانترنت المجاني ) وهذه الحالة تحدث حتى وان كان ما حصلت عليه 100MB وللعلم سابقًا عند حصولي على 20MB كان يكفي لتحميل ملف او اثنين ولكن الأن فقط ارسال تعليق يكفي لأستهلاك الأنترنت ،ارجوا حل المشكلة,1,0
جيد جداا,5,1
الباقات سعرها هوايه,1,0
جيد,5,1
احله معه اسيا سيل,5,1
تطبيق راقي شكرا شركه اسيا على هاذه الانجاز العضيم,5,1
جيد جدٱ,5,1
يجنن,5,1
جميل,5,1
جميل جداً,5,1
افضل,5,1
جيد جدا,5,1
جيد,5,1
اني استخدمه بس لفر العجلة لكن تطبيق حلو يستاهل خمس نجوم,5,1
شكرا للاهتمام المشلكة التي كانت تحصل تم حلها شكرا,5,1
روووعه,5,1
انا لم اخيب املكم لاكن عندما اضع رقم هاتفي لايمكن استمرار ارجو منكم ان تحلو مشكلة وشكرا😢❤️,5,1
مميز,5,1
ماينزل بجهازي ريدمي 8 نوت م̷ـــِْن وين انزلة ردو,2,0
افضل تطبيق,5,1
ممتاز,5,1
مع اسياسيل نستمتع لحضه بلحضه 🤍,5,1
البرنامج يحتاج الئ نت قوي حته يفتح. لايفتح ع بيانات فقط. ارجوا النظر في هذا الحاله وفي كل مره عند دخول البرناج يكتب البرنامج فيه صيانه وعند فتح الواي فاي يفتح.,1,0
يجنن,5,1
رائع,1,0
روووعه,5,1
رائع جداً,5,1
❤❤,5,1
فاشل هو احنا العربي كوة مدبريه النوب التطبيق بالانكليزي,1,0
تطبيق جيد ممتاز جدا,5,1
جيد جدن,5,1
واحد عراق,5,1
وشكرا,5,1
ممتاز,5,1
متتاز,5,1
جميل جدن,4,1
جيد,5,1
شكراً,5,1
والله جميل جدا,5,1
يخلص بسرعة وبدون فائدة,1,0
رائع,5,1
فوق لرائع,5,1
ممتاز جداً.,5,1
أعجبني,4,1
واوووو,5,1
جيد جداً,5,1
جميل جداً,5,1
يس,5,1
كنت مشترك شهري بلا حدود ٤٠ الف وكان يعمل بصورة جيده لكن ورد اتصال من الرقم ١١١ اخبرني انه يجب علي شراء راوتر اسياسيل لغرض مشاركة البث وان الهوتسبوت غير مستقر وسبحان الله ثاني يوم اصبحت الهوتسبوت لاتعمل هل هذه صدفة؟ علما انها قبل الاتصال لاتوجد اي مشكلة فيها وعلما انه قمت بالتجربة على ٤ هواتف ونفس الخلل وعلما انه قمت بالمشاركة من خط اسياسيل اخر من هاتفي وعملت الهوتسبوت دون اي مشكلة حيث تبين لي ان الخلل فقط في الخط الذي تم الاتصال به من الرقم ١١١,1,0
ممتازه,5,1
شكرا نيننسنن,5,1
ممتاز,5,1
احسن برنامج,5,1
جيد,4,1
افضل تطبيق استخدمتة,5,1
افشل تطبيق بالكون,1,0
جميل,5,1
سهل الاستخدام وبي عروض حلوه,5,1
واحد كوكب,5,1
رهيب,5,1
جيد,5,1
جميل جدا,5,1
ممتاز,5,1
برنامج رائع,5,1
جيد جدا,5,1
برنامج جيد,1,0
ممتازززز,5,1
قوى,5,1
روعه,5,1
ممتاز,5,1
مبدعين دومآ,5,1
ممتاز,5,1
التطبيق لا يعمل بدون نت مثل ماتدعون,2,0
جيد,5,1
ممتاز,5,1
جيد,4,1
👍,5,1
حبيتت,1,0
تطبيق راقي جدا جدا,5,1
ممتاز,5,1
تطبيق رائع وخدمي وجزاكم الله الكل الخير,5,1
🤍,5,1
جيد جدا,5,1
يخبل,5,1
تطبيق ممتاز وجدا جيد رائع بكل معنى كلمة,5,1
جيد جدان,5,1
تطبيق جداً رائع وممتاز,5,1
رائع,5,1
good,4,1
تطبيق اسطوري خدمه اسطوريه عروض ولا احله استمرو,5,1
صارله اكثر من شهر ميشتغل التطبيق,1,0
شكرا,5,1
ممتاز,4,1
جميل,5,1
روعه,5,1
لايدخل على البرنامج بسرعه بمعنى البرنامج ماينفتح بسرعه يشلع الكلب سيء للغاية,1,0
جيد جدا,5,1
😘,5,1
شكرا جزيلا لكم نتمنى المزيد من العطاء والتقدم اسيا سيل تجمعنه سوى,5,1
متاز,5,1
برنامج كلش جميل,5,1
منتاز,5,1
جيد جدآ,5,1
البرنامج ما يفتح عندي يطلعلي الخدمه غير متاح حالياً نوعه انفنكس اصدار 15,2,0
شكرا,5,1
جميل جدا,5,1
ممتاز جداً جداً,5,1
جميل جدا,5,1
ممتازز,5,1
التطبيق ممتاز بس من اريد اشغل التطبيق بدون نت يكلي لازم تشغل البيانات واني اصلا مشغلهن وادوس اعادة محاولة واعلك واطفي البيانات مرة ثانية,4,1
😍,5,1
تجربه مفيده ونافعه,5,1
ممتاز,5,1
حلو,5,1
اتمنى تطويره,5,1
ممتازه شركه اسيا سيل,5,1
يجنن,5,1
سيئ,1,0
جيد,4,1
شكرا,5,1
جميل جدا,5,1
ممتاز,5,1
افضل ططبيق,5,1
شكرا,5,1
🙂,4,1
روعة,5,1
تطبيق مميز,5,1
ممتاز,5,1
جيد,5,1
جيدة,5,1
اريد عروض خاصه ماجاي تجيني,2,0
أفضل تطبيق,5,1
ممتاز,4,1
جيد,5,1
ممتاز,5,1
جيد,5,1
مميز ممتاز,5,1
روعه,5,1
شكرا الى هذا البرنامج الجميل واتمنى ان ترسلو لي العروض على هذا الرقم بتكلفه 25 الف دينار وعروض جميله شكرا من القلب الى اسياسيل ❤,5,1
رائع,5,1
جميل جدا,5,1
احبكم,5,1
نت مجاني من تدوير العجلة حيل مفيد,5,1
ممتاز,5,1
good jop,5,1
روعة,5,1
ممتاز,5,1
رائع,5,1
يمنحني الرصيد المجاني شكرآ لك,5,1
أجمل شركه بلعراق,5,1
تمام والله,5,1
ممتاز,5,1
أعجبني,4,1
حلووو,5,1
شكراً,5,1
ممتاز,5,1
رائع,5,1
تطبيق جيد جدا,5,1
جيد جدا,5,1
جيد,5,1
جيد ممتاز احسا التطبيقات,5,1
روعة,5,1
رائع,5,1
ممتاز جدا جدا,5,1
جيد,5,1
شكرآ,5,1
أفضل تطبيق,5,1
تطبيق اسطوري,5,1
جيد,5,1
عاشت ايدكم,5,1
ممتاز,5,1
جيدة جدا,5,1
تطبيق مذهل,5,1
. جيد,5,1
مايفتح نت,1,0
برنامج يجننن انصح الكل بنتزيلو,5,1
🥰,1,0
ممتاز,5,1
افضل برنامج للانترنت,5,1
تطبيق راقي وخدمات مفيده بالتوفيق يارب,5,1
شكرن افضل برنامج,5,1
تطبيق ممتاز .,5,1
جيد ولاكن احيان لايعمل,4,1
جيد,5,1
روعه,5,1
ممتاز,5,1
ممتاز شكراً اسيا,5,1
جميل,5,1
احسن برنامج,5,1
جيد جداً,5,1
رائع,5,1
جيد,5,1
جيد,5,1
روعه,5,1
شكرا الا اسيا سيل,4,1
رائع,5,1
ممتاز👍👏😆,5,1
جيد وحلو,5,1
جميل جداً وانا راضا,5,1
ممتاز,5,1
جيد,5,1
ممتاز,5,1
دارونه بل عجله,4,1
ممنتاز وممتع,5,1
جميل,5,1
تطبيق حلو ويفيد من ناحية فائدة يجنن واصلا حتى يسهل عليك هم الخط وعروضة تموت,5,1
ممتاز,5,1
رائع,5,1
ممتاز,5,1
🤍🫶🏻,5,1
جميل جداً,5,1
واو,5,1
رائع جدا,5,1
يجنن,5,1
ممتاز,5,1
جيد,5,1
تطبيق جيد,5,1
عمل جيد,5,1
ممتاز,5,1
جيد,5,1
ممتاز,5,1
ممتاز,5,1
ممتاز,5,1
تطبيق جيد جدا,5,1
افضل تطبيييق,5,1
جميل جداً,5,1
اسياسيل جوده عاليه,5,1
جميل,5,1
ممتاز,5,1
جيد,5,1
ممتاز ومفيد جداً,5,1
جيد,5,1
جيد جدا,5,1
برامج جيد جدا,5,1
جيد,5,1
رائع جداً جداً,5,1
جيد,4,1
شكر,5,1
انه تطبيق رائع,5,1
تطبيق راقي,5,1
خدمه الزباىن خدمتهم صفرررررر ما يردون ابدددد ورصيد دا يناخذ بدون سبب,1,0
زورم به دله,5,1
اسوء تطبيق اريد اسجل دخول مكدر بس يطلعلي تحميلات، شوكت تصلحوز هاي العطلات يا عطلات,1,0
ممتاز,5,1
زين مقبول,5,1
ممتاز,5,1
افضل اختيار,5,1
حلو,5,1
تطبيق رائع,5,1
جيد جدا ومميز وممتاز,5,1
تطبيق راقي,5,1
جميل جدا,5,1
جيد,4,1
جدا راقس,5,1
جميل,5,1
شكرا,5,1
جميل,1,0
رائع جدا,5,1
تطبيق جدا حلو,5,1
جيد,4,1
جيد,4,1
خدمه رائعه وتغطيه جيده جدا,4,1
شرفا,5,1
good 👍👍👍,5,1
احلى تطبيق,5,1
😘,5,1
تطبيق رائع ومفيد جداً جداً لأن بي نت 24 ساعه,5,1
جيد جداً,5,1
جيد,5,1
ممتاز جيدا جدا,5,1
شكرأ لكم,5,1
جميل جدا شركة اسياسيل تجمعنة سوة ❤️,5,1
تطبيق حلوووو كلش ومفيد في بعض الاوقات. لاكن الميكات الي بيه كلش قليله اشيل ال 20 ميكا. كلش اهواي منهن,5,1
رائع أتمنى أن يعطوني 100 ميجابايت,5,1
جيد,4,1
برنامج روعة بس ياريت تكون المكافأت قيمة أكثر,5,1
أكثر من ممتاز,5,1
جميل جدآ,5,1
تطبيق جميل جدا جدا سهلا المستخدم الهدايه رائع,4,1
شكرآ على هذا البرنامج الجميل و شكرآ على شركة أسيل,5,1
ممتاز,5,1
مفيد,5,1
عشرا على عشرا واحد كوكب آسياسيل انترنيت ضوئي ماكو اسرع منو انصح الكل ياخذ سيم كارت آسياسيل احسن من زين كاش,5,1
التطبيق صارله أكثر من ٣ أيام ما يشتغل طبعا عندهم خلل حتى لعبه clash of clans ما كاعده تشتغل بينما لمن احول على انترنيت زين اللعبه تشتغل والتطبيق أيضا,1,0
برنامج يجنن وكلش مفيد وفوك هاذه كله تكدر تفر العجله وتحصل نت مجاني,5,1
واحد عراق,5,1
مرات يصير خلل,4,1
رائع,5,1
رائع,4,1
جيد,5,1
جيد,5,1
best app,5,1
ممتاز وبتعرف استخدام الرصيد وكم متبقي,5,1
تطبيق رائع,5,1
بيرفكت,5,1
جداً رائع,5,1
جميل جدا,5,1
افضل تطبيق و افضل شركه في العالم,5,1
ممنتاز,5,1
احلى تطبيق,5,1
Good,5,1
جيد جداً,5,1
جميل جدا,5,1
زۆرباشە,5,1
👍,5,1
ممتاز,5,1
جميل وجيد جدا,4,1
فول 💯,5,1
رائع,5,1
جميل و راقي,5,1
كلش منتاز,5,1
رائع,5,1
سهل وممتع,5,1
هوتطبيق راقي وممتاز بس لو تخلون فرة العجلة كولة ع المية واشيلون الخمسين والعشرين لأن كولشي مايفتحن ويراسلن جان صار كلش زين وممتاز,4,1
تطبيق ممتاز👍,5,1
رائع,5,1
ممتاز,5,1
حيد جدا,5,1
شكرا ميرسي حياتي,5,1
تطبيق جيد,5,1
جيد,5,1
سيئ بالاخير,1,0
ممتاز,5,1
جيد جدا,5,1
جدا راقي,5,1
جيد جداً,5,1
حلو,5,1
چید,4,1
التطبيق ممتاز بس لو يخلون دوران العجله الكيكات يبقن خمس ساعات جا صار يخبل,1,0
جيد ومفيد,5,1
جميل جداً,5,1
تطبيق رائع,5,1
جيد جداً,5,1
تطبيق مفولل,5,1
جيد جدا,5,1
مبدع,5,1
خدمات ممتازة,5,1
جيد جدا,5,1
ممتاز جدا جدا جدا,5,1
جيد جداً,5,1
. مح,5,1
جيد,5,1
good,5,1
برنامج كلش زين والله,5,1
جید جدنا,5,1
تطبيق جميل ويسهل عليك الكثير من الامور المعقدة كل الشكر والتقدير لاسيا سيل,5,1
ممتاز,5,1
ممتاز,5,1
جهازي لايتطابق مع هذا الاصدار . لماذا,5,1
ok,1,0
شكرا,5,1
رائع جداً جدا 💕💕,5,1
جيدأ,5,1
جيد جدا,5,1
افضل برنامج وأفضل شركة هية اسيا سيل انصح الجميع بتنزيل هذا البرنامج,5,1
راقي,5,1
جيد جدا,5,1
جيد,5,1
البرنامج لايمكن تحديثه,5,1
احسنت على هاي خدمه,5,1
good,5,1
ممتاز,5,1
ممتاز,5,1
ممتاز,5,1
جيد,2,0
جيد,5,1
برنامج فاشل لازم نت قوي,1,0
جيد,5,1
جيد,5,1
تطبيق يعتمد عليه,5,1
افضل,5,1
تطبيق فاشل كله اشعارات كاذبة,1,0
good,5,1
راقي,5,1
حرفیا یجنن,5,1
اكثر من رائع,5,1
جيد,5,1
اعلانات كثيرة,4,1
يشربون الرصيد شرب قفاصه,2,0
جيدا جدا,1,0
جديد,5,1
جيد,5,1
ممتاز,5,1
شكرا جزيلا,5,1
رائع,5,1
جيد,4,1
تجنن,5,1
يخبل,5,1
جيد جدا,5,1
راااقي,5,1
جيد جدا,5,1
نصف جيد,2,0
جيد,5,1
ممتاز,1,0
عاشت الأيادي,4,1
جممميييييلللل,5,1
تمام,5,1
ممتاز,5,1
جيد,1,0
جميل,5,1
تطبيق رائع جدا,5,1
جميل,5,1
جيد جدا,5,1
🫡🫡🫡,5,1
اشكرك,5,1
ممتاز جداً جداً جداً جداً ممتاز,5,1
شكرا,4,1
👍,5,1
جيد جدا جدا جدا,5,1
جيد جدا,4,1
جيدة,5,1
جيد,5,1
جيد,5,1
برنامج رائع اتمنى للقائمين على هذا البرنامج وعلى جميع موظفين شركه اسيا سيل بالتوفيق والنجاح الدائم ان شاء الله,5,1
تطبيق بسيط بي عروضات ومن مجاني كلي يوم,5,1
اشكر خدماتكم القيمة,5,1
مشكورين علی تلك العروض المميزة.,5,1
افضل شي بحياتي,5,1
جميل,5,1
جميل,5,1
تطبيق ممتاز اتمنه من الجميع استخدامه,5,1
حلو,4,1
عروظهم تعبانة,1,0
رووووعه,5,1
جميل,5,1
جيد جداً,5,1
ممتع جدا,5,1
جيد,5,1
جيد جدا,4,1
جيد جدا روعة,5,1
جميل جدا,5,1
كُلش حلوو عاشت ايدكم,5,1
حلو,5,1
تطبيق ممتاز شكزا لكم,5,1
انصحكم تشتركون,5,1
برنامج جيد ومفيد شكرا آسيا سيل,5,1
رائع,5,1
جيد,5,1
جيد جداً,5,1
واحد عراق,5,1
برنامج كلش حلو,5,1
برنامج جيد جداً,5,1
برنامج رائع,5,1
🌷,5,1
جيد جدا,5,1
جميل ورائع,5,1
شكراً,5,1
شكرن لكم ونتما لكم توفيق,4,1
حبيبي 😍,5,1
رائع جدا,4,1
ممتاز,5,1
اسطووووريي,5,1
جميل جدا وسهل,5,1
روعه,5,1
جميل,5,1
جيد جدا,5,1
جيد جدا,5,1
جيد جدا,5,1
ممتاز بي خو ش خدمات اضافة للنت المجاني,5,1
لا يعطيك نت فقط واجهة الاشارة وليس، صحيح,4,1
جيد جداً,5,1
جميل جدا,4,1
جميل جدا تطبيق رووووووعه,5,1
ممتاز👍👏😆,5,1
❤️,4,1
اتمنه من شركه اسياسيل اتخلي مده اكثر من شهر للرصيد فه 5لين الشهر قليل. وحنه نشتغل عماله وعدنه ايجار ف خلو الرصيد كل شهرين تحياتي,1,0
جيد,5,1
ممتاز,5,1
حبيت,5,1
تطبيق مفيد,5,1
تطبيق جميل,5,1
افضل تطبيق,5,1
⭐⭐⭐⭐⭐⭐,5,1
شبكة راقية,5,1
تطبيق ممتاز,5,1
جيد جدا,5,1
ممتع,5,1
ممتاز,1,0
جيد جدآ,1,0
افضل تطبيق بلعالم انصح الكل بي تنزيله,5,1
شكراً,5,1
واحد على واحد,5,1
جميل جدا,5,1
برنامج مفيد وجميل جدا,5,1
ممتاز,5,1
تطبيق جيد,5,1
روع,5,1
حلو,5,1
ممتاز,5,1
ممتاز,5,1
عاشت ايدكم,5,1
جيد,1,0
ممتاز,5,1
دەستانخۆش,5,1
واو,5,1
والله يستحق كل شي,5,1
تطبيق ممتاز,5,1
رساله ماتوصل فضحتونه,1,0
جيد جدا,5,1
ممتاز,5,1
جميله المحفظه,5,1
السلام عليكم ورحمة الله وبركاتة اكو مشكلة بل المدن مثال سيتوان او نه وروز ما موجود على القائمة المدن,5,1
اسوء تطبيق استخدمته تخيلو مايقبل يسوي تسجيل جديد وكلما ادخل يطلب مني معلومات ومستمسكات,1,0
جيد,5,1
موبايلي ريدمي نوت 13 مجاي يوصلني رمز التفعيل ياريت تحلون هاي المشكله,5,1
جيد جدا,5,1
جيد,5,1
يحتاج تطوير,5,1
اربع مرات حاولت اسوي محفظة و ما صارت من تسوون تطبيق سوو تطبيق براسه حظ,1,0
أكثر من رائع,5,1
جميل,5,1
شنو القصه صورة ضبابيه صورة ضبابيه المامرة نظيفه والثبات حاط ستاند والبطاقه بستاند بعد شنوووووو,1,0
اذا ممكن تضيفون خاصيه الشحن عن طريق الماستر مثل تطبيق زين كاش يعني ميحتاح تروح للمكتب علئ مود تشحن التطبيق,5,1
برنامج بدائي,1,0
ممتاز 💜💜💜💜💜💜💜,5,1
التطبيق بي مشكلة : اكتب رقمي ويظل بس التحميل (يبقيني في نفس الواجهة),1,0
سيء جدا,1,0
جيد,5,1
كيف اعمل بطاقة الكترونية مثل زين كاش,5,1
دخلت على التطبيق وسجلت رقمي واخذت صور البطاقة اماميه قال صح لون اخضر القلب الهويه قال صح لون اخضر تم العمليه بنجاح .بعدها تظهر رساله تقول فشلت العمليه .شنو تمت بنجاح وشنو فشل العمليه ويقول لعد العمليه مره ثانيه .أصبحت في شك اسرق المعلومات ارجو ملاحظة ذلك بالتأكيد من التطبيق ملاحظة .. مع الأسف الذي يصمم البرنامج لايقوم بفحصه أو متابعه ملاحظات الزبائن .,1,0
كنت ارجوان يلبي طموحي لكن غيرعملي ويطلب تفاصيل شخصيه ليس لها اي داعي وبطيئ ولايعمل لاانصح به,1,0
Very good,5,1
برنامج رائع جدأ,5,1
نجمه وحده لان ماكدر اسجل من خلال جواز السفر اصلا مايطلع خيار الجواز,1,0
التطبيق اسيابي في بطه ارجو اصلاح المشكله ورجاع شراء شدات بوبجي مثل سابقه الفئه 300 او 60 في سابق كانت متوفره والان لم تظهر لي ارجو اصلاح الطبيق وسترجاع هذا مميزات وشكرا للجهدكم,1,0
يحتاج البرنامج تطوير بي بطء قليل و التقاط صورة للوجة بطيئة,5,1
جيد جداً,5,1
ناجح نجوحي,5,1
👍👍👍,5,1
لا يعمل على جهازي honor pad 8 حيث يخبرني ان التطبيق غير متوافق مع جهازي ارجو المساعده في حل المشكله وتثبيت التطبيق,1,0
برنامج فاشل والتسجيل به يحتاج الى خبراء وليس مواطن عادي,1,0
التطبيق يطلب جواز سفر غير منتهي الصلاحية في حال عدم وجود هذا الشرط لايمكن تفعيل البرنامج وهذا غير صحيح ويمكن تعديل هذا الشرط في أعدادات البرنامج في وقت آخر وألا يعتبر برنامج مخصص للأستعمال خارج العراق أكثر من استعماله داخلياً وشكرا,1,0
يطلب منك البطاقة الموحدة و انا لم يصلني الدور لستلام البطاقة يرجة اضافة في حال عدم امتلاك البطاقة اضافة هوية الاحوال,2,0
ردت اسوي محفظة وصلت للاخير يكلي قرائة بيانات البطاقة ويضل يروح ويرجع يبقى صافن,1,0
عندي مشكله شلون اكدر اتواصل وياكم,1,0
Why does it not work tells me an error in downloading ... When I put my number_ please reply as soon as possible,2,0
برنامج يشلع الكلب وتخلص وقتك تضيف ارقام سريه وبل اخير يكلك بسبب التحديث خو الموني كرام لعبان نفس,1,0
شكرا على هذا البرنامج الرائع,5,1
التطبيق مايسجل دخول يصفن ارجو حل المشكله,1,0
سيء التحديث للغاية لايتوافق مع الجهاز,1,0
ok,5,1
يخبرنا أن الجهاز لا يعمل عليه التحديث الجديد,5,1
جيده,5,1
جيد جدا بس التطبيق حاليآ ما ينزل عندي لازم يكون عندي خاصية ال NFC,5,1
يتم رفض كل. ما اسجل يكلي مستمسكات غير واضحه,1,0
ارجو حل مشكل لايتوافق هذا الجهاز مع هذا لاصدار,1,0
جيد لا باس به لاكن جهازي سامسونك A7 الاشعار يقول جهازك لا يتوافق مع التطبيق اتصل بمطوري التطبيق,5,1
لايقبل التحديد يقول هاذا البرنامج لايقبل التحديد على حوالك,1,0
لا يعمل التطبيق على الجهاز,1,0
برنامج فاشل بعد التحديث لايعمل على الجهاز,1,0
ممتاز وجيد جدا,5,1
مشكله هذا التحديث يظهر ( لا يتوافق جهازك مع هذا الاصدار) ارجو حل المشكله باسرع وقت لان التطبيق متوقف في الجهاز ولا يفتح الا بوجود تحديث,5,1
التطبيق لا يعمل على الاندرويد نرجو حل المشكلة,1,0
خوش برنامج,5,1
سيئ للغايه عموله غاليه جدا تطبيق بطيئ جدا فاشل نجمه وحده كثير علي,1,0
جيد جدآ,5,1
باشن,5,1
راءیع,5,1
80 الف على المليون نايص,1,0
افشل شركة وخدمة بالعالم ولا انصح اي احد فيها اسعارهم خيالية وتعبئة غالية وخدماتهم فاشله فاشله,1,0
جيده,5,1
التطبيق لا يعمل عند إدخال الرقم موبايل يقول الرقم غير معروف !!!!!🤔🤔🤔,1,0
تطبيق فاشل ومتعب وبطيئ اعطيته نجمه واحده للتعليق,1,0
تطبيق أسيا بي روعه جدا وبي كل الخدمات وعاشت يدكم بالتوفيق أن شاءالله,5,1
فاشل مثل آسيا سيل الخدمة زبالة والعمولة كثير ودائما الشركة بيها لمت تطورها شوي شوف العالم وين وصلت وانتم متاخرين ما انصح احد يتعامل معكم,1,0
ممتاز,5,1
جيد جدا,5,1
رائع,5,1
سئ,1,0
والله نصيحه لوجه الله اعتمدو على زين كاش افضل شي بالتحويلات والاستخدام,1,0
جيد,5,1
شركة احتيال,1,0
تطبيق فاشل عند التسجيل والوصول الى التوقيل يرجع الى البداية,1,0
جيدا جدا,5,1
سيء جدا,1,0
ممتازة,1,0
فاشل بمعنه الكلمه,1,0
تم رفضي بسبب بطاقه سكن رغم توفر بطاقه وجواز نضام قديم وتعامل قديم طرازه لا يصلح لشركه رقميه,1,0
حسابي واقفة بدون سبب وبيها مبلغ مليونين دينار باگوها.واتصلت بهم مرات عديدة يقولون نصلح الخلل,1,0
فاشل واحد يسافر سياحة ٣ ايام خارج العراق يشكل بره يوكف ويفشل يرادله تحديثات كثيرة,1,0
اسعار التحويل والاستلام غالية مع الاسف كانت تجربة سيئة,1,0
عظيم - great,5,1
فاشل وبدون تحديث,1,0
جيد,5,1
برنامج فاشل لايقبل التسجيل,1,0
قفاصه,1,0
ممتاز,5,1
تجربه ممتازة انصح لاصحاب الدخر المحدود بتنزيل,5,1
قيد التجربه,5,1
مفيد ومزعج في نفس الوقت,4,1
ممتاز,5,1
ممتاز,5,1
عندي مشكله صارت شهر ونص مانحلت مجرد حولت حواله وتجمدد يعني ليش هل تاخير معرف والله مالتي فلوسي بل محفظه,1,0
🫀:لو تركزون بالصوت تسمعون جاي يضربون اوبر مال سوم😂,5,1
جيد جدا,5,1
سهل جدا ومفيد,4,1
Good,5,1
التطبيق يحتاج إلى تطوير,1,0
ممتاز جدا جدا,5,1
دەستان خۆش,5,1
جیدجدا,5,1
كنا نقول تركيا معقدة بشروط التسجيل بس طلع العكس,1,0
Vergod,5,1
واو,5,1
فول الفول,5,1
الموني اجرام مايشتقل,5,1
جيد جدا,1,0
رهيييب,5,1
افشل محفظة تقفيص + عمولات كارثيه ع المليون يستقطعون 30 الف دينار ومن غير الوكيل الياخذ ع المليون 4 الاف + سقف ااتحويل مالهم صار 3 ملايين بشهر والعمولات ارتفعت شركة اسياسيل 56 نصب وحتيال على المواطنين والزبائن الحل مقاطعتهم #مقاطعه_محفظة_اسيابي_56,1,0
جيدة,4,1
تطبيق حلوووو ورائع,5,1
افشل تطبيق نصيحه لحد ينزله تره يتورط,1,0
جيد جدا,5,1
عندي مشكله ياريت تنطوني حل الها بعثت حواله وصار عندي غلط بحرف كيف اقدر اصحح الغلط او استرجع المبلغ,5,1
ينقصه تعبئة رصيد زين كورك,4,1
ممتاز,5,1
المونكرام لا يعمل على سامسونك ايدج 7,1,0
فاشل بكل ما تعني الكلمه,1,0
يستحق ولا نجمه حملت كل الوثائق وما اكو اي رد لحد الان فشله واتوقع انهم لصوص,1,0
حلو,5,1
جيد جداا,1,0
جيد جدا,5,1
🥰 واو,5,1
التطبيق مديشتغل يكتبلي المحفظه قيد المراجعه من الصبح لي هسه 🤦‍♀️اريد حل بسرعه,1,0
زباله,1,0
جماعە المستخدمین بس هذا اسیا حوالە لو بس مثل فاست بەێ ؟؟؟,1,0
لايعمل,1,0
شاهانیە,5,1
ممتاز,5,1
فاشل ونصيحة لاتتورط فيها,1,0
تطبيق ردى,1,0
سهل ومفيد جدا,5,1
جيد جدا,5,1
لا,5,1
فووول,5,1
صعوبه الحصول على التطبيق من خلال الدخول إليه وتسجيل المعلومات يطالب بالتوقيع واي توقيع يتم الإبلاغ بأنه التوقيع لايصلح,1,0
مع كل الأسف مثل شركة آسيا سيل ما عده إمكانية سوي مثل محفظة زين كاش كل ما أحول أصور المستمسكات يطلع البرنامج لصفحه الرئيسيه يعني هذا برنامج صدك تابع لشركة آسيا سيل والله ما اعرف شكول,1,0
معدلين,5,1
ممتاز,5,1
عند ادخال بطاقه الهويه يقول البرنامج ان الحقل فارغ ارجو تصحيح المشكله,1,0
جيد جدا,5,1
"فاشل صار ٤,اشهر اريد افعل محفظه ما يقبلون لأن مسجله بغير اسم يوميه يكولون راح نحل مشكلتك هذا الأسبوع وكذب ماكو اي نتيجه",1,0
راق,5,1
هناك مشكله عند التسجيل في التطبيق عند التقاط صوره لبطاقة السكن يرجع التسجيل من البدايه لايكمل التسجيل ارجو اصلاح هذه المشكله,1,0
اغلب التعليقات تنتقد هذا التطبيق لذلك قررت خذفه,1,0
😐 من اتاكد الرقم وتريد تصور الوثائق يرجع يريد تاكيد الرقم.يعني بي خلل,1,0
كل يوم يطلب تحديث التطبيق يزداد تعقيدا وسوءا الاسهل والافضل هو الاستغناء عنه ربما متعمد لأجل الغائه,1,0
لا يمكن تسجيل الدخول يطلب الوثيقة ثم بعد ارسالها يرجع للخطوة الاولى,1,0
لا يمكن تسجيل الوثائق,2,0
يخبل,5,1
افادني كثيرا,5,1
Very good.,5,1
عند تحديث المعلوماتلايقوم بالحفظ,1,0
سلس اثناء الحوالة او الشراء . شكرا لكم,5,1
تطبيق أسيا بي روعه جدا عاشت يدكم بالتوفيق ان شاء الله,5,1
هناك مشكلة عند تحديث الملف الشخصي لا يحفظ الوثيقة او صورة الوجه حيث يتم اعادة اقلاع من جديد,5,1
جيدجدا,5,1
التطبيق لايعمل عند انشاء محفظه جديدة عند رفع الهوية يعود الى الخطوه الأولى,1,0
هل التطبيق آمن,1,0
تطبيق حلو بس لحد هسه ما عالجتوا المشكله مال تسجيل حساب جديد,4,1
عموله كلش هوايه عمولة الايداع 8000للمليون 4للوكيل و 4للشركة بالايداع و غير السحب,1,0
جيد جدا,5,1
تطبيق عادي و لايحتوي اي خدمات مالية مميزة سوى شراء البطاقات الالكترونية تم الالغاء والحذف,1,0
بالتسجيل يطلب رقم البطاقة ادخل الرقم يطلع خطأ ويطلب تصحيح الرقم ليش؟,1,0
باشه خةراب نيه,5,1
يرجى اضافة اكثر البطاقات الالكترونية,2,0
کفو,5,1
نطبيق حلو,5,1
جيد,5,1
تطبيق كلاوات وغير رسمي لحد ينزله,1,0
يحتاج لمزيد من التطوير منها تحويل وفق ويسترن يونيون وكذلك إضافات باقي الانواع من البطاقات الالكترونية واضافة ميزة الدفع الإلكتروني ايضا ..,1,0
رساله تفعيل ماتوصل,1,0
تطبيق فاشل لا يحتوي على بطاقات إلكترونية ولا خدمات,1,0
لا يصلني رمز المؤقت,2,0
عند تفعيل محفظة في التطبيق لا يعمل ارجو تصليح هذا الخطأ,1,0
تخلي رقمك يكلك فشل في تخليل البيانات… شركه اسيا شبيكم مو هاي زين كاش جنها ورده شبيكم انتو تطبيق متعرفون تسون,1,0
عدلو التطبيق جاي اصور المستمسكات بس متنرفع داخل التطبيق,1,0
جميل,5,1
هو نفسه اسيا حوالة لو يختلف,4,1
❤️❤️❤️❤️❤️❤️❤️❤️,5,1
خلل بل تطبيق عند تحميل مستمسكات يخرج من برنامج,1,0
لا يوجد مراكز ايداع من تفعلت محفظه اسيا ليوم ادور على مراكز ليداع,1,0
ممتاز جدا,5,1
تطبيق ممتاز احسن من تطبيق اسيا حواله القديم سرعة في التنفيذ وامان اكثر ومعلومات التحويل وتعبئة الرصيد يذكر فيها اسم المرسل والمستلم ورقم الهاتف تحياتي للعاملين على التطبيق,5,1
التطبيق فاشل للاسباب التاليه: 1. اغلب المكاتب لا تتعامل بهذا التطبيق بسبب سياسة الشركة 2. صعوبه ايجاد مكتب يقوم بتعبئه المحفظه والسبب التكلفة العالية والشروط الصعبة من الشركة 3. الخدمات التي يقدمها ضعيفه جدا 4. الاجور والتكلفه عاليه 5. لايمكن ربطها مع فيزا او ماستر كارت,1,0
ممتاز,5,1
الاسعار تبقى صافنة مثلا اختاريت بطاقة سعرها 10 الف رجعت واختاريت بطاقة ثانية سعرها 30 الف السعر يبقى على سعر اول بطاقة دخلت عليها نريد حل المشكلة بأقرب وقت ، كذلك جعل التطبيق يعمل على بيانات خط اسياسيل المجاني ( يعني يفتح مجاني على البيانات حتى لو ماكو اشتراك نت) وهذا الشي راح يساعدنا جدا من نكون خارج المنزل وما عدنا نت,2,0
التطبيق ضعيف يحتاج لمزيد من التطوير والمرونة خاصة بطاقات الدفع الإلكتروني ماستر مارد مسبقة الدفع عن طريق الرصيد فضلا عن الأرصدة الاخرى و البطاقات الاخرى وبطاقات البرامج الإلكترونية و غيرها .,2,0
نتمنى ان يكون هناك عقد بينكم وبين شركه زين كاش للتحويلات الماليه بين الشركتين,5,1
رسالة الرقم السري لم تصلني لحد الان صار يومين احاول,1,0
التطبيق لايعمل على. ارسال رسالة التفعيل,1,0
الرسالة لم تصل,1,0
ممتاز محفظه جيده,5,1
نتمنى ان يكون منافس لبقية الشركات وان يكون سلسل الاستخدام ومراعاة اسعار التحويل وصلاحية تحويل مفتوح,1,0
جيد,5,1
قيد التجربة,5,1
لا تصلني رسالة التأكيد على الرقم,2,0
يتم تغيير التقييم حسب اخر التحديث التحديث غير مستقر ١- عدم وجود خيار معرفة الرصيد ٢- تطبيق اعمال وما ينفتح باكثر من جهاز ؟ ٣- البطاقات الإلكترونية غير متوفرة دائما ٤- الخدمات المصرفية غير متوفرة ٥-مشاكل جديدة /عدم وصول رمز otp,2,0
ممتاز,5,1
ارجو ارجاع التحديث القديم لتسهيل الاستخدام وشراء,1,0
جيده,5,1
منتاز,5,1
ممتاز,5,1
ممتاز ممتاز جداً,5,1
انا لا استخدم هذا التطبيق,1,0
حلو,5,1
جيد,5,1
1 50th,5,1
Very good,5,1
جيده,5,1
مممتاز,5,1
سيء,1,0
يعاني التطبيق من مشاكل كثيرة,2,0
رائع,5,1
لا يتم سحب صورة الجواز و لا صورة ما ادري يتوقف عند الصورة فيضطر للرجوع,1,0
واحدة اسيا بي انشاء الله نحو الاحسن,5,1
نتمنى اضافة خاصية الطباعة ♥️ وتخفيض ألاسعار,5,1
تم تنزيل التطبيق على هاتفي 2022/12/31,5,1
جيد جدا,5,1
نتمنى التطور بما يلبي متطلباتنا,5,1
غير لائق لا يمكن تنزيله,2,0
من,2,0
لا يعمل,1,0
تطبيق فاشل وبطيئ رغم وجود انترنيت قوي على شبكه,1,0
افشل تحديث هذا التحديث من ناحيه الحافز لا تضهر جميع العروض الخاصه ب الخط ..وبرنامج تفعيل الخطوط بطيئ جدا,5,1
التطبيق بعد التحديث في 30/4/2025 فقدنا ميزة معرفة باقات الأتصال المخفضة الخاصة بالمشترك ولاتظهر سوى باقات النت المخفضة 100GB .. أرجو المساعده والأهتمام بالمشكله .,1,0
جيد,5,1
جيده,5,1
اني ابدا ماعرف أفتح تطبيق كيف يفتح وما بينو لغه العربيه حته افتهم,1,0
خبر عود احجي وياج علمود رعد,2,0
علي,5,1
جيد ولاكن ليس باللغة العربية,5,1
قديم لايعمل عالماستر كي,1,0
يرجى تطوير البرنامج نحو الأفضل,4,1
Coool,5,1
ماكو لغة عربية حتى واحد يفهم,1,0
ما هذا البرنامج وكيف يعمل,1,0
ممتاز,5,1
روعه,5,1
عوذه بلت هل وجه وخفت,4,1
رائع 🤩,5,1
روعه,5,1
ممتاز,5,1
تطبيق ممتاز و لكن عندما اريد دخول الى تطبيق سوف يتم اخراجي منه بدون سابق اندار يرجى حل هده المشكلة بسرعة,5,1
رائع,5,1
❤❤,5,1
زين ايجيب نتيحه,1,0
ممتاز,5,1
اضيف رقم ميقبلة حتى يفتح عندي البرنامج ارجو الرد مع الشكر والتقدير الكم واليعرف يجاوبني رحمة لاهلكم,1,0
نزلت التطبيق رائد رقم الهاتف كتبت وراد الرقم السري وآني بعدني ما مسوي رقم سري. ادوس على نسيت يدك موبايلي على 262 يرد الرقم المطلوب غير داخل بالخدمة.. أريد حل لهاي المشكلة,2,0
ok,1,0
جيد جداً,5,1
مشكلته يخرج و بكل مرة لازم تسجيل من جديد و رمز جديد.. هذه مشكلة,2,0
برنامج اكثر من رائع لكن ميزة كل ربع ساعه تدخل وتطلب رمز ارجو تصحيحها وعند بيع باقة حافز لا تأتي رساله بالاشتراك ارجو ان تصححوا هذه الميزه,5,1
برنامج ممتاز,5,1
البرنامج مفيد جدا ، لكن بنفس الوقت مزعج جدا بسبب تسجيل الخروج التلقائي كل ربع ساعة.. ولا يحتوي على إشعارات بوصول الطلب .,1,0
ممتاز,5,1
ممتاز,5,1
مها على أن تكون,5,1
جميل,5,1
سيئ جدا وفاشل,1,0
جيد جداً,5,1
لهىمنىنلللرعبتبتتيتيعيينبهيايعي,5,1
جيد,5,1
ثم,5,1
تم,5,1
شكرا,5,1
هاذه البرنامج روعههههههههههههههههههههههههههههههههه,5,1
تطبيق ممتاز,5,1
جيد,5,1
ممتاز,5,1
جيد جدا,5,1
لم استخدمه من قبل لاول مره,5,1
معا الشعب,1,0
كيف اسجل,5,1
افضل تطبيق,5,1
Very good,5,1
Good,5,1
استمتع,5,1
من أفضل التطبيقات,5,1
ممتاز,5,1
تطبيق ممتاز,5,1
تطبيق جيد,5,1
جيد جدآ برنامج رائع شكرا اسياسيل,5,1
جيد جداً افضل تطبيق,5,1
تطبيق ممتاز,5,1
جيد جداً برنامج رائع,5,1
تطبيق ممتاز,5,1
جيدجدا,5,1
ممتاز,5,1
ممتاز,5,1
برنامج جدا رائع بس بي شغله ياريت من شركه آسياسيل المحترمه تتحلها عند دخول البرنامج يشتغل طبيعي بس من اطلع منه لازم هم اسجل دخول مره ثانيه ياريت يصير دخول البرنامج مره وحده ويبقه محفوض بالجهاز . تحياتي لكم,5,1
فاشل,1,0
روعة كلش مفيد,5,1
ممتاز,5,1
برنامج رهيب جمع كثير من الميزات بتطبيق واحد مثل التحويل ومتابعه المبيعات الشهريه وباقات حافز وكثير أمور مهمه... لكن يحتاج ميزه وهي عدم طلب رمز وقتي مع كل عمليه تحويل لان تصبح ممله بمرور الزمن ولو انحلت راح تكون أكثر سلاسه,5,1
غير شغال,1,0
وين الخدمه وانترنيت بس حجي كلشئ ماكو,4,1
سوولنه شي براسه خير رحمه للانبياء ترا محلاتنه انهجمت من ورا سياستكم,1,0
تطبيق جيدجدا من جميع النواحي,5,1
شنو حل مشكلة خروج مفاجء,1,0
اكثر من رائع . يحتوي على كل التفاصيل الخاصه بنقطة البيع . شكرا اسيا سيل,5,1
بيوتفل,5,1
ارجو حل مشكلة تسجيل الخروج المفاجئ,4,1
شركة جميله لو يفتحون الانترنت,4,1
سلاو,5,1
جید,5,1
فاشل .... و بامتياز,1,0
ممتاز جدا,5,1
ممتاز,5,1
خوش,5,1
تطبيق أكثر من رائع,5,1
زور باشە,5,1
ممتاز جدا ومناسب,5,1
جيد جدا,5,1
عروض بالنسبة الى خطي ضعيفة جدا ولا تلبي احتياجاتي,5,1
تطبيق رائع جداً جداً جداً,5,1
شكرا,5,1
Ok Ok,5,1
برنامج ممتاز,5,1
تطبيق جيد جدا,5,1
Ok God,5,1
دەستان خۆش,5,1
جميل جدا ورائع شكرا,4,1
جيد جدا,5,1
😍😍,5,1
ok,1,0
سه ركه فتي بن به رنامجه كي خوشه,5,1
ممتاز,5,1
جيد,5,1
شكرا,5,1
جيد جدا اكثر من رائع,5,1
ممتاز,4,1
جيدة,5,1
افضل شبكه واتمنى ان ترجع خدمت ال انترنيت,5,1
شكرا جزيلا لكم هذه المجهود الكبير فعلا ممتاز جدا تحياتي لكم جميع,5,1
انسب وأحسن شبكة كورك الأفضل دائما,5,1
جيد,5,1
جيد جدا,5,1
ممتاز شكراًِ على جودة الخدمة,5,1
ممتاز ارجو أن ترجع للعمل على جهازي ان شالله المزيد من النجاحات والتوفيق,5,1
فري كود,5,1
كذب,5,1
جيد جداً الأفضل كورك تليكوم,5,1
بێسنووری 2 مانگ و 3 مانگ بکەنەوە ، چی لە 15 گێگا و 30 گێگا بکەین,2,0
روعه,5,1
جيد جدا,5,1
هذا التطبيق ومعه تطبيق تروكولر مزعج وسخيف ويسبب لي مضايقة شديدة لانه يتضمن احيانا٤ اعلانات تحجب عني اتصالاتي . واتمنى حضر الاتصال به للتخلص من,1,0
❤️❤️,5,1
زور ب مفايه,5,1
مميز,5,1
بعد تحديث هذا اليوم لايستحق التطبيق حتى نجمة واحدة فمن السخف ان يكون تطبيق خاص بما تملكه من رصيد وتعبئة الرصيد وتمديده وعروضه ولم يعد يتوافق مع اصدار هاتفي samsung A50 وماذا ان كان هاتفي ذو اصدار قديم هو يعمل وهذا هو المهم فالتطبيق لتعبئة خطي وليس لعبة ليصبح غير متوافق مع هاتفي,1,0
يعني فوق ما تطبيق معفن وجودته تعبانة وصابرة عليه لا وبعد صار يقول ان التطبيق ماعاده متوافق مع جهازي هو حتة تطبيق تعبان ايش رح يخلون بيه حتى يصير ما متوافق مثلا,1,0
جيد جدا,5,1
لماذا يقولي التطبيق لم يعد متوافقا مع جهازك,5,1
لماذا توقف لدي,5,1
لم يَعُد هذا التطبيق متوافقاً مع جهازك. اتصل بمطوّري البرامج للحصول على مزيدٍ من المعلومات. التطبيق لم يعد يعمل ولا يوجد تحديث..,2,0
عاتل,5,1
خوش برنامج,5,1
هسه شلون يعني نمسح التطبيق لانه ما يتوافق مع اجهزتنه عالاقل خلو يشتغل بدون تحديث هسه التطبيق عندي متوقف يقول لا يتوافق مع جهازك معقوله,1,0
Good,5,1
بەرنامەکە کار ناکا،، ئەڵێ چیتر لەگەڵ مۆبایلەکەت ناگونجێ ئەو بەرنامەیە سڕیمەوە تا چاک بێ کەچی دوبارە دانابەزێتەوە ئەو کێشەیەم بۆ چارەسەر بکەن چۆنەبێ ئاوا بێ باکانە بەکارهێنەرەکانتان لەدەست بەن؟؟,1,0
لەگڵ ئەبدێت کردنەوا بەرنامەکە کار ناکە ئەڵێ ڤێرژنی بەرنامەکا بۆ مۆبایلەکەت نابێ هیوادارم ئەو کێشەیە چاک بکەن,1,0
👍,5,1
منتاز,5,1
باشە,5,1
التطبيق يطلب التحديث وحين احدثه لا يعمل,1,0
لايعمل,5,1
السلام عليكم ممكن اعرف سبب لم يعد هذا التطبيق متوافقًا مع جهازك. اتصل بمطوري البرامج للحصول على مزيد من المعلومات مع انو جهازي HONOR X7b,1,0
جيد جدا,5,1
ممتاز,5,1
افشل برنامج ولايستحق ربع نجمة,2,0
ممتاز,5,1
ارد باقات دقائق,5,1
فاشل اشتراك شهري بالموصل لا انترنيت شبكة تعبانة,1,0
شكرا,5,1
ممتاز,5,1
منتاز,5,1
تطبيق سيء جدا لا يعمل على جهازي عطا من الاصلاح المشكله في اقرب وقت وانا جهازيredmi Note 14 رساله لي تقول هذا التطبيق غير متوافق مع جهازك سيئه,1,0
لماذا لا يعمل البرنامج,5,1
خوش تطبيق,5,1
جيد,5,1
كورك شركه روعه ومصدقيه في جميع خدماتها,5,1
اروع شبكه و ومصدقيه في جميع خدماتها شركه تستحق البقاء بارك الله فيكم,5,1
تطبيق سيئ جدااااااااً لاتستحق حتى نجمة واحدة,1,0
انطيه صفر عبيت رصيد ومن حاله شحن خدمة مال النا كلنا هذا نصب وتقيمي للشركة 0 تعامل مو حلو تقفيص احجي ويا الشركة الغو التجديد و الخدمة ورجعوا الرصيد ما يقبلون تقيمي 100-,1,0
good,5,1
جيد جدا,5,1
جيد جداً,5,1
ارخص اتصال عن باقي الشبكات الأخرى اضافه الى التغطيه ممتازه نتمنى أن يحصل الربط تبيني وترجع خدمة الانترنيت,5,1
شوكت يفتح اشتراك انترنيت,5,1
good,5,1
جيد,5,1
السلام عليكم احسن تطبيق لكورك,5,1
جيد,5,1
جيد جداً,4,1
جيد,5,1
جيد جدا,5,1
جيد جيد جداً,5,1
جيدة,4,1
كيفية استخدام انترنت مجاني ٢٤ سماعة بعد تحميل التطبيق,4,1
جيد,5,1
والله طتبيق جيد,5,1
ممتاز,5,1
جيد,5,1
جيد جدا,5,1
ok,5,1
تطبيق فاشل صاير,1,0
تطبيق رائع,5,1
های,5,1
Good,5,1
ممتاز,5,1
ممتاز,5,1
رائع,5,1
جيد جدا,5,1
حبيبي والله اريد نت,1,0
جميل,5,1
جيد,5,1
حلو,5,1
احسن برنامج,5,1
ممتاز,5,1
ممتاز,5,1
يحيي,5,1
جيد جداً,5,1
السلاس,4,1
عاشت ايدك,5,1
رائع,5,1
جيد,5,1
dastan xhosh,5,1
جيد,5,1
hayyooooo,5,1
لا يعمل لدي؟,1,0
تطبيق زربه,1,0
التطبيق جيد يرجه التطوير اكثر وتحياتي الكم..,5,1
ne çi bernameye - hîç hîç,1,0
ok,5,1
جداً,5,1
كانت افضل شركة اتصالات من حيث خدمة الانترنت و الاتصال الا ان بعد الحضر تراجعت خدماتها لدرجة قامت بسرقة الرصيد الموجود للأسف,1,0
جيد جدا,5,1
التطبيق لا يظهر لك الباقات المفعلة، شو فائدته؟؟ الهدايا غير حقيقية وسرحة النت بطيئة نتمنى الإصلاح ..,1,0
برنامج رائع,5,1
هەربژین نایابە,5,1
اني كنت بزيارة الى سامراء وفعلت خدمة انترنيت وانقطع من رصيدي 5000 دينار ولم يعطوني الخدمة وهذا عيب كبير على كورك .... مع الاسف,1,0
يقبقيقق٢٣يبققبثي٣قفبيقثييييثيغييبفيقببقسبقبق٣بقبب٧فب٧بثيقثفبفيفبقببفيببقييق٣يف٤٧فبقبق٣قبققييقببفي,5,1
شكرا كورك على جميع الخدمات,4,1
very good,5,1
يحتاج الى المزيد من العروض والهدايا وترغيب المشتركين وتخفيض الاسعار وإعادة تفعيل النت ودفع رسوم الضرائب للحكومة وحل مشكلة ارتباط الشبكات لأن الشعب ما عليييي بمشاكلكم .. 🙄,1,0
٣٥٠٠,5,1
برنامج جميل,5,1
ممتاز,5,1
رقم واحد,5,1
أحسن تطبيق,5,1
لماذا لا يصلني كود على الرسائل حاولت مراراً وتكراراً ولكن دون جدوى لا استطيع التسجيل في my korek اتمنى حل المشكلة,1,0
جيد,5,1
افضل شركة بالعراق,5,1
جيد جدا,5,1
باشە,5,1
سنين,4,1
mustafaaed,5,1
جميل جداً,5,1
Korek Telecom,5,1
ok,5,1
رائع,5,1
تطبيق جميل جدا,5,1
اجمل واقوى شركة من ناحية الخدمات والانترنت هي كورك,5,1
جيد,5,1
ممتاز شازه,5,1
قفصو علية احد يفعل فعلت ابو العشرة باقة النا كلنا وهوة لا الخدمة شتغلت ولا الرصيد رجع,1,0
جيد,5,1
تطبيق سيء جدا جدا و استغلالي جدا,1,0
يستحق اكثر من 5 نجوم,5,1
احسن شركة,5,1
فول خدمات,5,1
جید,5,1
شکرجیددددا,5,1
متوصل رساله الرمزززز🙂🙂🙂🙂بس الطلايب منوراكم,1,0
😍,5,1
ممتاز,5,1
ممتاز,5,1
ممتاز,5,1
ok,5,1
سيء جدا الهدايا كلها كذب,1,0
جيد,5,1
جيد,5,1
برنامج رائع,5,1
جيد,5,1
nice,5,1
ممتاز جداً,5,1
مميّزات,5,1
هذا برنمج ممتاز,5,1
فاشل مابي كل عروض لا اتصال ويه الشبكات البقيه لو يعزلون كورك ويفتحون كوفي افضل,1,0
انها برنامج رائع جدا,5,1
جيد جدا ونشكر جميع العاملين في البرنامج الرائع في كل شيء وتحياتي للجميع,5,1
🤩🤩,5,1
ممتاز,5,1
افضل تطبيق ينطي نت مجاني,5,1
أرقى شركة إتصالات,5,1
سيء,1,0
شكر ❤️,5,1
اخيس وانكس شبكا انكس تطبيق يتفرق بين زبائن هذا شركا غير عادلة مع جميع,2,0
واوووو,5,1
جيد جداا ممتازه,5,1
يعجبني,4,1
شکرا,5,1
لا يعمل سئ جدا,1,0
جيد جداً ورائع وابداع متواصل,5,1
للأسف تطبيق تعبان ويعاني من مشاكل حاليا ما اكدر اسجل دخول بي ويصفن,1,0
انه ممتاز جدا,5,1
🙂💚,5,1
مخلين الغه الاجنبيه على اي اساس فاشل حذفته لين مافهمت شي,1,0
تطبيق مفيد وممتاز,5,1
فري نايس,5,1
عدم الاستجابة لأي باقة انترنت . جدا جدا سيء للغاية . برنامج سيء وشركة كورك جدا جدا سيئة من كل النواحي 👎👎👎👎,1,0
ok,5,1
جيده جدا,5,1
جيد جداً,5,1
اداءه بطي ونصف الخدمات معطله ذهب بريق كورك بعد انقطاع الاتصال بباقي الشبكات اتمنى ان ترجعون مثل الاول عندماكنتم الشبكه الاولى,2,0
والله خوه ش به رنامجه سحه تاوه خوه ش,5,1
رائع,1,0
جيد جدا تحياتي واحترامي الا كادر كورك,5,1
جيد,4,1
جید جدا,5,1
جيد,5,1
كلش رائع,5,1
جيده جدا,5,1
تطبيق رائع,5,1
شکراااا,5,1
لا بأس,5,1
اعطاني هديه انترنت ولم تصل لي,1,0
جيدأ,5,1
تایبەت مەندی .هێلی قوتابی تێدانیە . ئەویش زیاد بکەن؟,1,0
مشهورة,5,1
ده ستان خوش,5,1
جيد جدا,5,1
جميل الركاع,5,1
لا بأس,1,0
شركة فاشلة لا انصح بها أبدا واني اطلبها 25000 لا محلل ولا موهوب والدولة تطلبه,1,0
افضل شركة هي شركة كورك وهذا البرنامج من أفضل وانجح البرامج وأنصح كل مشتركي كورك بتنزيله واستخدامه,5,1
جيد جدا,5,1
ok,4,1
good,4,1
تطبيق ممتاز جداً,5,1
ممتاز جدا,5,1
الدفع يكون عن طريق برنامج ثاني خايس معفن يشگ ام الخصوصية حتة اسم عماتك وخلالتك لازم تذكرهن عبالك جاي اقدم على جواز دبلماسي مو اشتري كارت,1,0
ممتاز,5,1
جيد جدا,5,1
good,5,1
روعه,5,1
لاافهم التطبيق ولامحتواه لنزوله باللغة الكرديه وليس بالعربيه,1,0
ممتاز,5,1
يحتاج تعبئة الرصيد عن طريق الكي كارد لسهولت الاستخدام وتفير الرصيد في أصعب الضروف برناج جيد جدا,4,1
ممتاز,5,1
رؤؤؤعه,5,1
جيد,5,1
شكراً,5,1
برنامج في قمة الروعة,5,1
جميل جدا,5,1
اروع تطبيق,5,1
very nice ⭐⭐⭐⭐⭐,5,1
ممتاز,5,1
تمام,5,1
أفضل خدمة العملاء وقمة الروعة,5,1
جيده,5,1
شركة نصب واحتيال,1,0
"برنامج فاشل ، والهدايا كل شهر كلها كذب ولا توجد مصداقية قطعا""..",1,0
😘😘😘,5,1
جيد جدا وجميل,4,1
زور باشە,5,1
جيدة,5,1
ممتاز,5,1
جيد,4,1
برنامج وتطبيق جيد جدا اتمنى تطوير التطبيق نحو الأحسن والأفضل,4,1
❤️❤️,5,1
قيمته نجمة لان كل الخطوط تشمل الانترنت الة كورك و ماعرف بل مستقبل اكدر افعل انترنت مادري بس اذا عدلوا على المشكلة و كدرت افعل انترنت ف راح اغير تقييمي للخط...,1,0
gut,5,1
جيدآ,2,0
احلا شبكه نت,5,1
تطبيق ممل وغير واضح,2,0
جيد جدا,5,1
في عندي مشكلة متكرره كل مرة احاول ان اسجل الدخول يجيني خطأ,2,0
تطبيق اكثر من رائع,5,1
كورك كانت أفضل شركة اتصالات بالعراق للأسف ترتجعت خدماتها واصبحت تسرق رصيد مستخدميها,1,0
ok,5,1
شبكة كورك مميزة جداً نتمنى ترجع النت,5,1
جيد جدا,5,1
ممتاز,5,1
كيف لي ان اعرف اني مشترك في باقه. انهم يسحبون رصيدي كان 12الف الان1000 دينار علمن انا لم اتصل فيه,1,0
جيد جدا,5,1
لماذا لاتعلنون عن القرعه بوقتها المحدد,1,0
برنامج رائع جدا,5,1
جميل جداً,5,1
رائع,4,1
كورك الأفضل في العراق,5,1
جميل,5,1
جید,5,1
ممتاز,5,1
جيد جدا,5,1
جيد جداً,5,1
تطبيق لايستجيب عند تنزيل,5,1
so nice👌,5,1
بەرنامەیەکی ناوازەیە بەڵام لەگەڵ ئەبدەیت وێنەی بەرنامەکە گۆڕاوە بۆ ڕەش تکایە بیکەنەوە شین,5,1
من أفضل البرامج لتوصل,5,1
ممتاز,5,1
أكثر من رائع مع تغيرات عديدة ومميزة,5,1
رائع,5,1
تطبيق ممتاز ورائع,5,1
جيد,5,1
حەقی جڕتێکی هەیە!!!!,1,0
"شركة كورك تيليكوم ,ارجو مساعدتي لقد تم حظر بطاقة Sim بشكل دائم ماذا أفعل",5,1
سيء جدا,1,0
ممتاز,5,1
حلو جدا,5,1
تطبيق فاشل لانه عندما ادخل اليه يقول لي فشل تسجيل الدخول ويخرج دائما وعلي ان اكتب رقمي في كل مره لادخل له وفي الاخير يقول فشل,1,0
ياخز رصيد بدون علمك,1,0
أفضل تطبيق,5,1
جيد,5,1
so nice👌,5,1
تطبيق جيد جداً,5,1
هل يمكن اضافت انترنيت بلا حدود وباسعار رخيصه,5,1
ok,5,1
تطبيق جيد جداً شكراً يا كورك,5,1
👍,5,1
ممتاز,5,1
جيد جداً,5,1
ما يشتغل عندي,1,0
جيد جدا,5,1
من أفضل شركات الاتصالات,5,1
. هلا,5,1
دەستخۆش,5,1
جید,5,1
اشتركت بخدمة الانترنت وانقطع النت,1,0
ممتاز,5,1
السلام عليكم نزلت التطبيق بس مو راضي يسجل دخول مع انه اول مرة انزل التطبيق و يطلع خطأ؟؟,1,0
السلام عليكم ورحمه عندي مشكله في انشاء حساب على ماي كورك ادخل الرقم وما يظهر لي الرقم السري من اربع ارقام من جريده سجل انشاء حساب ما يظهر الوقت ليظهر الرمز عندي هاي المشكله تمنوا تساعدوني ونشكركم جزيل الشكر,5,1
فاشل,1,0
حلو,5,1
جديد,5,1
برنامج جيد و شركة جيدة،اتمنى ان تبقى و لايتم اغلاقها,5,1
جيد جداً,5,1
جميل,5,1
ممتاز,5,1
جيد,5,1
افضل ططبيق,5,1
جميل,5,1
رجاء حل مشلة انشاء حساب,5,1
افضل تطبيق,5,1
جيد,5,1
الحمدلله,5,1
تطبيق رائع,5,1
البرنامج اصبح ممتاز و اكثر من ممتاز شكرا كورك,5,1
برنامج فاشل ولايفتح وندمان إني نزلته!!؟ كخدمتهم,1,0
روعه هذا البرنامج,5,1
روعة,4,1
روعه,5,1
جيد جدا,5,1
فت شيء خرافي كورك كورك عاشت ايدك على هذا نت مجانا,5,1
احسن واقوى شركة هيا كورك احبكم,5,1
تاااا,5,1
روعة,5,1
جميل جداً,5,1
تطبيق جميل جداً شكراً جزيلاً على هذا العمل الرائع بصراحة حل لنا كثير مشاكل عبر الاتصال او المسجات او بعض باقات الانترنت وكثير من امور مقيدة وتحياتي الى شركة كورك🌹 الرائعة 😊🤝,5,1
ممتع 😍,5,1
برنامج جيد جداً,5,1
NUMBER ONE 😎💪,5,1
جيد جداً جداً جداً جداً جداً جداً جداً,5,1
برنامج روعة و شبكة أتصال أروع أتمنى حل أزمة الاتصال بين كورك و بقية الشبكات بدفع المستحقات,5,1
جيد جداً جداً جداً,5,1
احسن,5,1
جید,4,1
جيد جدآ ممتاز,5,1
جيد جدا,5,1
جيد جداً,5,1
ممتاز,5,1
Good,5,1
رجاء اريد حال مشكلة هذا البرنامج نسيت كلمه المرور وميقبل يرجع حسابي,5,1
تطبيق فاشل ردت احول النقاط من حساب لثاني حظرني,1,0
no problem 😊 ☺ 😌 🙂 👌 🤗,5,1
تمام,5,1
ليس على ما يرام,5,1
زور سباس,5,1
جميل ✨🤍,5,1
برنامج واحد عراق,5,1
روعة,5,1
جميل جدا,5,1
😇,5,1
جيد,5,1
جميل,5,1
شكرا,5,1
👍👍👍👍👍👍,5,1
شكرا لكم,5,1
شركه خايسه يطلعني من الحساب بدون سبب,1,0
برنامج روعه كلما تعبي رصيد اكثر يصير رقمك ذهبي وينطوك خدمات كلش حلوه بس الشبكه شويه ضعيفه,5,1
جيد جدا,5,1
انتو اجحاش دس خوش,5,1
محمد فلاح,5,1
Bravoo,5,1
اا,5,1
جيد,5,1
برنامج مخربط لا تشوف الرصيد يفيدك بس اذا بدك تشحن ع الباركود,1,0
رائع,5,1
تم حصولي على هدية بلى حدود لمدة يوم واحد وعند فتح البيانات لم تتوفر لدي بيانات اتصال وين الخلل,1,0
جيد,5,1
رائع,1,0
كيف اعرف كم باقي عندي نت من الباقة؟ وماسبب عدم قبول التحديث الاخير؟,4,1
مميز,5,1
good,5,1
نءو,5,1
😍,5,1
افضل تطبيق افضل من كافة شركات في العراق ربي يوفقكم ويرزقني من حيث لا احتس,5,1
خدماته الابكترونيه جدا فاشل وحراميه,1,0
كلوو كذب,1,0
😘😘😘😘,5,1
👍,5,1
😍😍,5,1
المشكلة ليست ب my korek إنما في korek نفسها.,1,0
تطبيق فاشل لا انصح احد بتثبيته,1,0
تطبيق رائع,5,1
متازة,5,1
korek,5,1
ممتازة,5,1
جيد,5,1
Ok,5,1
روعة,5,1
noic,5,1
رائع,5,1
جید,4,1
جيد,5,1
راقي,5,1
جيدة,5,1
حلو,5,1
جید,5,1
روعة,5,1
جميل جدا تسلم الايادي على المجهود الرائع,4,1
اقسم بالله برنامج فاشل,1,0
تطبيق رائع,5,1
ok,5,1
گورك النت لديهم ممتاز,5,1
سيء جدا لايقبل بكلمة المرور,1,0
نايس,5,1
شكرا,5,1
تطبيق جيد,5,1
👌🏿,5,1
النترنيت ضعيف منطقتنا,5,1
ج٠جك٠٠٠٠٠٠٠ض,1,0
توب,5,1
جيد,4,1
زور رازيم,5,1
تطبيق جميل جدن,5,1
جيد جدن,4,1
فل,5,1
ممتاز,5,1
تمام,4,1
جيدا,5,1
ويو,4,1
جيد جداا,5,1
جيد جدا,5,1
جيد,5,1
تا,5,1
جيد,5,1
تطبيق مميز,5,1
جيد جدا,4,1
رائع,5,1
تطبيق كورك رائع,5,1
باشه,5,1
شركة كورك راقيه,5,1
جيد جدا,5,1
جيد,4,1
جيد,4,1
التطبيق لا يعمل,5,1
احسن شب,5,1
رائع,5,1
جيد جدن,5,1
فول,5,1
جيد,5,1
Jwana,1,0
شركة راقية مع اسف توقف الاتصال البيني يجب على هيئة الإعلام والاتصالات التراجع عن هذا القرار لأن اول من ضرر منه المواطن العراقي,5,1
تطبيق رائع,5,1
لماذا بعد تحديث التطبيق ما يفتح ارجو حل المشكلة,2,0
بب,4,1
ممتاز,5,1
واو,5,1
مميز جدا جدا بكل تفاصيله..... شكرا جزيلا لكم,5,1
مقبول,1,0
جيد,5,1
جيد,5,1
❤️❤️❤️,5,1
جيد,5,1
جيد,5,1
جدا جدا,1,0
رائع,5,1
جيد,5,1
تم,5,1
ال,1,0
good,5,1
يطلب تحديث ومن ادخل كوكل بلي يكلي محدث,2,0
تمام,5,1
واو,5,1
ممتاز,5,1
روعة,5,1
برنامج رائع وخدمات ممتازه انصح بتنزيل البرنامج لكل مشتركي كورك راح يكون التعامل افضل والشرطه كلش ممتازه بل رد بالسرع وقت وحل كل مشاكل المشتركين عن طريق هاذا البرنامج,5,1
تغطيه كورك بكل مكان زفت,1,0
تطبيق جداً رائع,5,1
جيد جدا نحتاج عروض انترنيت,5,1
رصيد مايدخل ليش,1,0
good,5,1
تطبيق ممتاز جدا وبي عرض شهر بدولاريين,5,1
جيد,4,1
خالي من مكافات الانترنيت ليش,1,0
ليش مايشتغل طبيق عندب,5,1
تجربة سلسه والقادم افضل,5,1
ياريت تضيفون خيار اعادة تعبئة رصيد خط اخر,1,0
احلى شي اكو اشتراك يومي بس بالف اشكركم شغله ممتازه❤️❤️,5,1
برنامج رائع,5,1
كيف احمل التطبيق,5,1
برنامج رووووعه,5,1
منتاز,5,1
جميل,5,1
راىع,1,0
نسيت كلمة المرور و اريد تجديدها وما يقبل هذا التطبيق,2,0
ممتازة,5,1
الافضل 🤍🔥,5,1
يخرج من التطبيق قبل أن يكتمل تسجيل الحساب,1,0
ممتاز,5,1
رائع,5,1
زين,5,1
جميل جدا,5,1
خدمة ممتازة و عروض مستمرة,5,1
بالتوفيق يارب,5,1
سئ جدا ولن اشترك بخدمة الانترنت بعد الان,1,0
ممتاز,5,1
ممتاز,4,1
ممتاز,5,1
ممتاز ويعطي ميزات خطك,5,1
غير دقيقه في حسب البيانات ويحتوي على اعطال كثيره,1,0
يحتاج تحديثات,4,1
جيدة,5,1
جيد جدا,5,1
جيد,5,1
ممتاز,5,1
دەرەجە یەک بەرنامەیە,5,1
تطبيق فاشل لا يدعم اللغة العربية,1,0
تطبيق ممتاز,5,1
سرقة رصيد 1 دولار حرم عليكم,1,0
good,4,1
اجمل برنامج رأيته جميل جداً شكراً شركة كورك,5,1
جميل جدا,5,1
رائع,5,1
الحقيقة كورك شي جميل. التجربة تكتمل بإعادة الاتصال بجميع الشبكات .ودمتم,5,1
يرجى تحسين الكورك,2,0
رائع,5,1
good,5,1
ممتاز,5,1
جید,5,1
جيد جداً,5,1
ممتاز,5,1
ميو,5,1
روعه,5,1
جيد,2,0
تطبيق رائع🤩,5,1
ارجو الشحن عن طريق الرصيد,5,1
فول تطبيق,1,0
جيد جداً,5,1
waw,5,1
جيد جداً,5,1
جيد,5,1
جيده جدأ,5,1
😘😘😘,5,1
أجمل مساعد,4,1
جميل,5,1
جيد جدا,5,1
❤,5,1
جم,1,0
ok,5,1
😍😍😍,5,1
هههئئەحت,2,0
جيد جدا,5,1
جيد جدا,5,1
ممتاز,5,1
Ok,4,1
إِنَّ اللَّهَ وَمَلائِكَتَهُ يُصَلُّونَ عَلَى النَّبِيِّ يَاأَيُّهَاالَّذِينَ آمَنُواصَلُّوا عَلَيْهِ وَسَلِّمُواتَسْلِيمًا,5,1
Ok,1,0
ممتاز,5,1
جيد جدا,5,1
😘😘😘😘❤️🎉,5,1
توب,5,1
نعم جزاك,5,1
👌,5,1
جيد جدا,5,1
روعة,5,1
جيد,5,1
ممتاز,2,0
جيد جدا,5,1
🔥,5,1
زين,5,1
ok,5,1
zooor basha,5,1
تطبيق ممتاز,5,1
اتمنى اظافة دردشة حية مع خدمة الزبون كي نناقشهم بأمور الخدمات والخطوط بدل الاتصال الذي نادرا ما يتحصل,1,0
جيد,5,1
❤️,5,1
رائع انصح باستخدامه,5,1
جيد,5,1
جيد جداً,5,1
ڪۆڕەک,2,0
مفيد شكرا ...,5,1
زۆرباشە بژیت,5,1
يعني زوين,5,1
تطبيق رائع,5,1
ماكدر اسوي لكمت مرور تطبيق معفن,1,0
جيد,5,1
اصبح سيء جدا جدا لان الشتراكات اصبحت قليلا سيء جدا مايستحق 2نجمه بس كان جيد جدا,2,0
حلو,5,1
❤️❤️,5,1
برنامج رائع,5,1
نويوي نيوييتةييةييوي,5,1
عاشت ايدكم,5,1
جيد,5,1
کورەك,5,1
thank you for your effort in mobile you korek,5,1
جيد جدا يمكنك الربح من خلاله,4,1
ممتار,5,1
ممتاز جدا في مكافأة جيدة,5,1
ممتاز,5,1
جيد,5,1
برنامج ممتاز,5,1
َ١٠٠٠٠٠٠٠٠٠٠٠٠٠٠٠,5,1
البرنامج قبل كان احسن من هسه اتمنا ترجعونا انترنيت البلاحدود لمده 14يوم ​​​​​​​​​​​​​​​​​​​​💔,2,0
يفتقر الى الكثير من الامور المهمه التي يحتاجها المستخدم,2,0
خدمه ممتازه,4,1
جميل,5,1
ممتاز جدا شكرا لجهودكم,5,1
جميل جدا,5,1
جيد جدا,5,1
"عطيتم 24,ساعه مجانيه ولكنها سيئه جدا لاتشجع على اختياركم اود تحسين الخدمه وعروض منخفضة جديده",1,0
برنامج مفيد ولذيذ,5,1
ممتاز بارك الله فيكم,5,1
واو,5,1
تم,5,1
ليس هنالك مكان للنت,1,0
♥♥🫶🫶,5,1
الأسبوعالأسبوع٦هه٨٩تت٧مرحبا٩غ٤غ٥غون٧٩هت٥اغمههن٦٨٨خ٧٧٧ق٧7٧٧٧٧٧٧٨٧٤ن٧م٧ه٧ههههههنمه٥٤٤ا٥٤٥٥٥٥٥٥٥6٦٦٧٩وت,2,0
تمام,5,1
سوپاس,5,1
رائع,5,1
جيد مفيد يخدم المشترك شكرا لكم.,5,1
مفيد,5,1
برنامج سيء لايخدم العميل,1,0
تطبيق مثالي,5,1
ممتاز,5,1
سهل ومفيد,5,1
من أحسن الشبكات في العراق واحسن تطبيقات,5,1
جيد جدن,5,1
غير واضح,1,0
جيد,5,1
يوجد مشكلة بالتحديث الأخير وهناك فروق بين عروض الرسائل وعروض المتاحة في التطبيق,2,0
Perfect 👌🏼,5,1
🤍🤍❤️❤️,5,1
في كل دول العالم لما تشجع إنسان وتكله عاشت ايدك يبدع إلا بالعراق بس تكله عاشت ايدك يخرب كلشي وكأنه ما كان منتبه وانته خليته على علم ليش ليش يا شركة كورك ليش لغيتوا اغلب خدمات الكورك وليش سويتوا الخدمات 10 ايام بدل الأسبوعين وليش لغيتوا برنامج البلو وعجلة الحظ زين ليش خليتوا صلاحية خطي 0 ايام فجأة بعد ما كانت 55 يوم وبدون سابق إنذار ، زين ليش ما تخلون الواحد اذا اشترك بالغلط يكدر يلغي اشتراكه ويسترجع رصيده ، زين ليش خطي ما يشغل موقع فريبيسك مجانآ بينما بقية الخطوط تشغله مجانآ اصلآ هو موقع مجاني,1,0
برنامج رائع والله برنامج يخبل,5,1
تطبيق رائع,4,1
تطبيق لا يعمل,1,0
شكرآ لكم,5,1
بيجنن,5,1
العروض جميل جدا جدا جدا,5,1
رافي,5,1
برنامج حلو ارجو الاسراع بربط مع الشبكات الباقيه وتقويه الشبكه في قضاء المقداديه كورك هيه اختياري🌹,5,1
ما خوش تحديث جان اشتراك اسبوعين 10 دولارات هسه 10 ايام صار 10 دولارات,5,1
بالاول جانت خدمة الانترنت اسبوعين ب 10 الاف جيده جدا وبعدهه سويتوهه 10 ايام وضعفتو الخدمه فشل الى فشل,2,0
جيد جدا,5,1
♥️♥️♥️♥️♥️♥️♥️♥️♥️♥️♥️♥️♥️♥️♥️♥️♥️♥️♥️♥️♥️♥️♥️♥️♥️♥️♥️♥️♥️♥️♥️♥️♥️♥️♥️♥️♥️♥️♥️♥️♥️♥️♥️♥️♥️♥️♥️♥️♥️♥️,5,1
ممتاز,5,1
روعه وبس 😍😍,5,1
"*""*ؤ c. ؤ xxى من cc",4,1
جميل,5,1
برنامج فاشل بامتياز وشبكة فاشلة وحرامات الاشتراك بيها (زبالة) بكل معنى الكلمة,1,0
ممتاز جدا,5,1
"Spas ji we û berpirsiyarên şirketê re, lê min bala xwe dayê ku înternet qels e (înternet qels e). Yanî ez beşdarî pêşniyarên serhêl bibin",5,1
حلو,5,1
🤍🔥,5,1
ممتاز,5,1
برنام جدآ رائع,5,1
ارجو مساعدة,5,1
مرحبا ارجو حل مشكله التطبيق لا يعمل وشكرا,1,0
برنامج رائع ومفيد,5,1
اتمنى تفعيل دولاب الحظ الخاص بالانترنيت اليومي,5,1
كل فتره يخرج من التطبيق تلقائي,1,0
جيد,5,1
اشكرك مدير شركت كورك,5,1
جميل,5,1
تطبيق متهالك وفاشل ارجو اصلاحه نحن تعبنه من الستخدام الخايس,1,0
التحديث الآخير سيء للغاية وبطيء لو باقي بدون تحديث احسن,1,0
ممتاز,5,1
پروگرامەکە وەکو خوی بهێڵنەوە کە پێشتر ئوفەرەکان زور باشتر دیار ئەکران بەڵام ئێستا وا نیە ئەمانەوێ وەکو سەرەتا بمێنێتەوە ⁦❤️⁩,5,1
شبكة جيده في اربيل ولكن في محافظة البصرة الانترنت سيئ حتى في مركز البصرة وهوالعشار,5,1
جيد جدا,5,1
افضل تطبيق,5,1
ممتاز,5,1
سيء,1,0
أرقى وأفضل شبكة في العراق 🇮🇶,5,1
Ok,5,1
منتاز,1,0
حلو,5,1
جديد,5,1
جيد,5,1
رائع,5,1
يرىy ي،،ء مع يروح ررر ررر زماsamqy8 m see aeyUy,5,1
باشە,5,1
برنامج فوق الرهيب,5,1
نريد تحديث الاشترك مفتوح 15الف و10,5,1
جيد جداً,5,1
جيد جدا,5,1
تطبيق جيد جدا ولكن نرجو اضافه المظهر الداكن الى التطبيق,5,1
ممتاز ارقى خدمات,4,1
البرنامج ما يشتغل عندي؟؟؟؟؟,1,0
التطبيق لا يعمل وانا لا اعرف هل التطبيق في وضع الصيانة,1,0
برنامج ممتاز,5,1
حلو,5,1
جديد جدا,5,1
اتمنا ان تكون الشبكة اقوى والانترنت جدا ضعيف,1,0
عذعيللللهههدههلذيههدذبذزدد⏳😱.🐣🙄🙄🙄😏😏😏😏😏😏🙄😏😏😏😏😏⌛⌛⌛⌛⌛⏺️⌛⌛⌛😱⌛🩳🩳🙄🥳ييزززباذ.ذ👎⚪⚪😳,2,0
ممتاز,5,1
lmc mock,1,0
جيد,5,1
ممتاز,5,1
جيد,5,1
احلاكورك,5,1
جيد,5,1
ممتاز,5,1
Shdhauyx,5,1
جيد جداً,5,1
برنامج جيد حبذا لو كانت الخدمه إتصال مع باقي الشبكات لكان أفضل,4,1
تم,5,1
جيدة,5,1
جيد جدا واحد عراق,5,1
تطبيق مفيد وجيد بارك الله فيكم,5,1
لماذا لا يوجد عرض الي مشارك بها مثلا كم يوم بقى كم رصيد بقى او الانترنت من عروضي,1,0
good,5,1
جميل,5,1
كورك المفروض الرصيد ال ١٥ الف المجانيه تستخدم لكل الشبكات ..هسه اني مثلا ما عندي أحد يستخدم كورك فقط اني استخدمه خطي قديم من زمان..و اهلي و صديقاتي ما عندهم كورك بهيج حاله مجاي اكدر استخدم خط كورك بس مجرد اعبي رصيد...و النوب الطرگاعه حتى برصيد ما يخابر على باقي الشركات بعد منو يشتري خطوطكم إذا هيج..د سووله چارة خلي نخابر باقي الشبكات,1,0
شركة ممتازة وخدمات وعروض جيده جدا,5,1
ممتاز,5,1
جيد جدا,5,1
تطبيق رائع,5,1
تطبيق راقي جدا يحتاج فقط اضافة مكافئات انترنت,4,1
جيد جدا نتطلع لخدمة اكثر تميزا وذات اسعار تناسب محدودي الدخل,5,1
حلو وو,5,1
خدمات فقط في الشمال,5,1
رائع,5,1
برنامج ميه ميه,5,1
تطبيقق جيدا جدن,5,1
برنامح حلو ومختصر ومفيد,5,1
🌷🌷🌷👍👍👍,5,1
Good,5,1
كورك شبكة جيدة وتقدم العديد من الخدمات الممتعه,5,1
ميفتح رجائن صححوطريقة فتح سله لانه لايفتح,1,0
مفول,5,1
ارقى شركه خدمات فول,5,1
راقي,5,1
رووعه روووعه,5,1
*٢٣٤# ١٢٦٧١,5,1
Abdullah shehad,5,1
٩ والله ج ة ض ض ك٩,4,1
كف٣وب٣ ٨ ٤ف٣٨ه٥٥22٤,4,1
جيد جدا خدمات حلوه,5,1
ممتاز,5,1
جيد جداً جداً جداً جداً جداً,5,1
ممتاز,5,1
جيد جدا,5,1
برنامج جدا راقي ومفيد,5,1
إحدى أهم شركات الاتصالات في العراق,4,1
رائع,5,1
التطبيق يدخل ويخرج شنو السالفة صدك جذب,1,0
شكرا جزيلا لكم على برنامج ربي يوفقكم ان شاء الله برنامج رائع وجميل,5,1
افشل تطبيق شهده التاريخ,1,0
برنامج سيء صارلي يومين منزلتة أو لحد هسة ما فتح,1,0
التطبيق جيد,2,0
زۆر وێران و خراپە ، بۆ بەکارهێنان دەست نادات,1,0
التطبيق رائع فيه ميزات وبطاقات إلكترونية بس بقا اروح للوكيل اعبي رصيد حتى يثبت التطبيق انه ممتاز تعبئة رصيد التطبيق الا عند وكلاء NassWallet اخر شي في محافظة البصرة ما في وكيل يعبي رصيد في الخريطة أقرب وكيل في الدير رحت للوكيل حاول يعبي المحفظة ثلاث مرات ماتعبت المحفظة يجوز من عملت المحفظة عملتها برقم اسيا يعني ناس والت تشتغل الا برقم كورك محفظة ناس والت صعبة معقدة طبعا صارلي يمكن ثلاث سنوات احاول اعبي رصيد؟ للأسف فرصه الاستفادة من المحفظة صفر في البصرة هو بشكل عام مو كفوا راح ابطل من محاولاتي,1,0
برنامج فاااااااااااااأأاااااااااااااشل و كذب,1,0
يا اخي برنامجكم مليان مشاكل . صلحوها بسرعة,1,0
انه لا يعمل بعد التحديث توقف عن العمل بسبب خطاء برمجي ولا يعمل فيه ويستر يونين ايضا,4,1
افشل محفظه,1,0
نرجوا من المشرفين على التطبيق السماح بتعبئة التطبيق من الماستر كارد رافدين او رشيد او من الزين كاش ليتسنا لنا سهولة العمل والتحويل لماذا محدد فقط لل Aps,5,1
جيد جدآ,5,1
👍👍👍👍👍👍👍,5,1
التطبيق لايعمل على هاتف نوت 20,1,0
راقي ❤️,5,1
جيد,5,1
يمعودين اذا انتم عراقيين عرب ليش مسوينه انكليزي لخاطر الله عربو خلو عربي وينا وين الانكليزي مجاي نفهم,1,0
افشل برنامج بوجه الارض يا اخي تره ميصير هيجي اني نزلت بي فلوس صارلي اسبوع احاول احول ما يحول,1,0
افشل محفظة,1,0
تعبان جدا مقارنه ب زين كاش كبرنامج وبرمجة,1,0
سيئ بسبب عدم التوثيق بغير سبب,1,0
التطبيق مصاب بمرض الزهايمر كلما افتح التطبيق يتوجب علي ادخل كلمة سر جديدة! الا يجدر بمطوري البرنامج الانتباه لهذا الخلل.. ام ان لايعنيهم؟,2,0
التطبيق لايفتح,1,0
ما تستحون على نفسكم ترا هوا تطبيق ما تدبروه,1,0
ما بشتغل . من افتحه يبقى يرمش بالواجهة,2,0
متى ستطلقون خدمة الويسترن يونيون,2,0
❤️,5,1
حدثت البرنامج ولاتوجد خدمة western union ارجو التوضيح,2,0
التطبيق سيئ جدا جدا اضع كلمت السر الحاليه ولا يسجل الدهول ارجو التحديث ولصلاح,1,0
لا يفتح عندي التطبيق ويضل يحمل,1,0
برنامج راقي والمحفظه امنه بعد التحديث الاخير صار تكدر تعمل بيها تحياتي لجميع,5,1
تطبيق سيء للإسف,1,0
ما يفتح معي,2,0
تَطبيق سَيء جدًا ... لايَفّتح ابدًا ، أرجو إصلاح المُشكلة بأسرع وقتْ مُمكن رَجاءً .,1,0
تطبيق غير مفيد جربت ادخال اكثر من 4 أرقام هاتف ولم تنجح عملية التسجيل,1,0
Ok,5,1
احسن,5,1
تطبيق رائع,5,1
يعلق البرنامج وبيه اخطاء ارجوا تصحيحها. تم التصحيح .. برنامج رائع جدا,5,1
ممتاز,5,1
ممتاز عاشت اياديكم,5,1
Very good,5,1
حساب,1,0
Ok,5,1
حلو,5,1
تطبيق رائع .... لكن نحتاج إلى تحديث لأنه أحيانًا يصعب الدخول إلى الحساب .... و كلمة السر قصيرة جدا نحتاج إلى أمان أكثر ...... أرجو التفضل بالموافقة على طلبي,5,1
روووووعه,5,1
مرحبا هاذا برنامج جيد جداً لدي سؤال هل يأتي منحة من منظمات حقوق الإنسان على هاذا برنامج ارجو رد,5,1
انه حيد جدا,5,1
كيف اعمل حساب,5,1
جميجدا,5,1
جيد جداً,5,1
جيدا جدآ بعض الشئ بطي,5,1
عند ارسال رمز OTP يعطي دائما هناك شئ خاطئ أعادة المحاولة,1,0
لا يمكن شحن بوبجي موبايل,1,0
جيد,5,1
السلام عليكم مايدعم ارباح اليوتوب,1,0
تكايە چارەسەر بكەن بو بەکار هئنەرانی نوئ داخل نابئد,1,0
سهل استخدام واحسن محفظة للاستعمال .,5,1
وای لێ بکەن لەسەر هەواویش ئیش بکات,1,0
ok,5,1
التطبيق غير سلس و لايعمل بعد التحديث الاخير,4,1
💜💜,5,1
جيد,5,1
جميل,5,1
Nice,5,1
عم حاول انزل البرنامج مع ينزل ع جيهاز,5,1
جهغ,5,1
انكس تطبيق ماتكدر تسجل دخول تطبيق,1,0
👍👍👍,5,1
تطبيق جيد وجميل جدا . لو كان فيه فيديوهات ارشادية تعليمية للتطبيق ان امكن,4,1
التطبيق لا يعمل,1,0
جيد,5,1
جيد,5,1
حلو,5,1
لماذا لايفتح لا استطيع التسجيل ممكن مساعدة ؟,5,1
Goog,5,1
عايشين علي,5,1
🙂🙂🙂,1,0
التطبيق يتطلب رساله لكود otp وما يوصل لك الرساله,1,0
شنو MPIN,2,0
شتێکی نایابە،، دەست خۆش,5,1
تجربه ممتازه,5,1
جيد جدا,5,1
تطبيق رائع,5,1
👍,5,1
التحديث زفت,1,0
زورباش به س كيماسي لي ماينه وه ك بارا ب كارتا ده ته به ر يان بو فاست باي فريكه ت يان ش فاست باي بو ناس واليت فريكه ت دا كه له ك بيش كه فت,5,1
هناك غلاط في االتطبيق حيث لا يمكن ادخال سوا 9ارقام والمطلوب هوه 10,1,0
اعرف الناس تطور تطبيقاتها حتى تتحسن مو تصير زفت. ادخل رقم otp يكولي جهازك موجود بالفعل اي غير انتم تريدون الرقم.. رجعوها للإصدار القديم احسن,1,0
بەرنامەیەکی باشە بەس زۆرێک لە بریکارەکانی سەر نەخشە پارەیان نیە لۆت بنێرن کە سەردانیان دەکەی,4,1
البرنامج لايعمل ابدا فقط شاشة بيضاء جهازي سامسونك نوت ١٠بلس,1,0
راعة,2,0
بژیت سەڕکەوتوبن,5,1
البرنامج محتاج تطوير وتسهيل في تسجيل الدخول الان بي مشاكل جاي انواجها مجاي نكدر انشئ حساب جديد,1,0
ماشفته,5,1
چۆن هەژمار دروست دەکرێت,4,1
تطبيق ممتاز لكن اتمنى لو يتم تسهيل عملية الدفع او الايداع🖤🤎,5,1
سلام عليكم,5,1
جديد,5,1
رائع,5,1
بطيء,1,0
روعه,5,1
جيد,5,1
اجرائات معقده لكن الحمدلله كملته وقيد التجربه,2,0
رمزotp وين يدزه النه اذا ممكن احد يجاوبني,1,0
روعة,5,1
هيوا دارم بۆ دابەزاندنی بەزمانی کوردیش رێنماییەکان بڵاو بکەنەوە بۆ ئەوەی خەڵك زیاتر لێی شارەزابیت,1,0
لا يقبل إدخال الرقم بالكامل,1,0
يطلب. Pin ومنين اجيبه فاشل,1,0
Good luck,5,1
ممتاز,5,1
ممتاز,5,1
رمز ضعيف فقط 6ارقام مايطلع شعارة تجي شعاراة من ادخل ع حساب ماعندي شعار او رسائل صار سنه استعمل برنامج حلو برنامج بس بدنه تعديل عمود شعاراة وا رمز اقل شي لازم يتكون من 8ارقام وا حروف,1,0
زين شنو الفايدة مال هذا البرنامج,4,1
هەمووی درۆیە کە س باوڕ نەکات سەعاتەک ڕادەبویری هەر دەڵێی ژمارەی ڕاست بنێره تۆو بلێ ژمارەی خۆم نەزانم 🤬🤬🤬🤬🤬🤬🤬🤬🤬🤬🤬,1,0
ما يدز رمز otp اسوي اعادة ارسال وهم ما يوصل الرمز,1,0
رمز mpin اشكد . واذا بيقصد رقم ال pin موبايل هم ما صارت ممكن احد يشرحلنا,1,0
افشل تطبيق شفته ف التاريخ لا وما يفتح اصلن مايستاهل نجمه وحده,1,0
فااااااااشل دمرني و مايقبب يسجل دخول,1,0
ليش يكول لم يتم العثور على حساب المستخدم,1,0
دەستان خۆش خزمەتێکی باشە,5,1
فاشل بدون تعليمات,1,0
بژیت,5,1
برنامج ناجح وراقي جدا.. ربي يبارك بصاحبه,5,1
التطبيق لا يعمل,1,0
السلام عليكم اخي العزيز انا الرقم موبايل ظاع ولا اقدر الدخول على البرنامج وارجو منكم حل المشكلة وشكرا وارجو منكم الرد,5,1
كان رائع جدا جدا وجربه,5,1
رررررروعة,5,1
جيد جدا,5,1
Good,5,1
جيد,5,1
جيد,5,1
لايقبل التحديث عند فتح البرنامج يتم الخروج من البرنامج,1,0
slaw,5,1
جيد,5,1
احسنت,5,1
Good,4,1
زين,5,1
ممتاز,5,1
جيد نوعآ ما,5,1
البرنامج نزلته وستلمت اول مره وخليت رقم سري بس هسه من افتحه يخرج مدايفتح وحتى الارقام مال الرمز متطلع يخرج,1,0
أسوء برنامج لأن ما ينزل بسرعة,1,0
جميل روعه,5,1
👍🏼,5,1
بۆ کۆدم بۆ نایەتەوە؟ خراپترین بەرنامەیە زبرە,1,0
Ghana khalaf 😝😜😝😜😝🤪🤪🤪🤪🤪🤪🤪🤪🤪🤪🤪😝🤪🤪😜😝😝😝🤪🤪🤪🤪🤪🤪🤪🤪🤪🤪🤪🤪🤪🤪🤪,5,1
جيد,5,1
جيد,5,1
جميل جدا روعه اشكركم علي هذا البرنامج راقي,5,1
❤❤❤❤,5,1
ئه رئ بؤ جى ناتوانى داخل بئ تكايه يه كيك ولامم داته وه سوباس,1,0
😍😍😍😍😍😍😍❤️❤️❤️,5,1
جیدجدا,5,1
جيد,5,1
بالعكس هي لغه عربيه و تفتح حساب غيرت حساب حساب الاول على اتصال على رقم كورك عادي بي لغه عربيه,5,1
برنامج حلو,5,1
البرنامج لايعمل عند إكمال التسجيل والدخول تظهر لي رساله عذرا، هناك خطأ ما. حاول مرة أخرى ارجو حل المشكله,1,0
ok,5,1
تشغيلو ضعيف جدا وصفحة بيضاء,2,0
جميل,5,1
(43 المزيد ),5,1
منو يعرف شنو هاي ترى مافهمت منها شي,5,1
جيد جدا,5,1
يابا واحد يفهمنا منين اجيب رمز mpin,2,0
يكلي الرقم السري خاطء من وين اجيب رقم جديد,1,0
سلام عليكم اني مستفيد شي من منحه,5,1
التطبيق فاشل مثل الحكومة,1,0
لم اجربه,4,1
حلوو,5,1
جيد,5,1
شلون نستلم المنحة ومن اي مكان,2,0
حلو,5,1
اخوان منو يفهمني ماجاي افهم شي من هاي الرسائل يعني هسه اني وين اروح والبرنامج ماينزل,1,0
ممتاز شغاله 100/100 تحتاج فتح بعض المميزات المخفية,5,1
اخواني البرنامج يعمل لاكن توجد مشكله او ثغره عندما يشتغل البرنامج تضهر رساله انتظر قليلا يرجا الضغط المتكرر تجد البرنامج قد عمل بشك رسمي.... شكرا اخوكم مكتب معلوميات روزيز,1,0
زبالة ما يفتح,1,0
السلام عليكم ياجماعه الخير هاي مال منحة انطلقوا للمكاتب,5,1
شباب هاذ البرنامج من خلاله تجيك المنحة نزلوه,5,1
جيد,1,0
ok,5,1
ما افتهمنا شي منزل البرامج ويجينا ايعاز انه راح يتثبت قريبا وما يتثبت البرامج!,2,0
برنامج مهم کل شهریه عندی راتب,5,1
التطبيق ما بشتغل يرجا الانتظار وصفحة بيضة فقط !!!!!,1,0
سلام عليكم اخي من الواضح انه هذا البرنامج يدخل بي فلوس المنحة مالت الحكومة بس وين مواقع الوكلاء حت واحد يتعامل وياهم ليش مابي خريطة,4,1
تطبيق لارقام الكورك للمنحة اعتقد ..,5,1
انشالله,5,1
الشاشة بيضاء يعني معقولة يجيك رسالة من جهة حكومة ودولة يوجهك لرابط مايشتغل او اذا اشتغل لدى البعض لايعرف عنها شيئا الرجاء من الجهة التي اصدر البرنامج حل المشكلة او حذفها,1,0
مكن افهم شولسلافه علمود المنحه يالله يالله فهمونه رجان,4,1
محفظة تفسر حال هاي الحكومة الطايح حظها تفتح و بس شاشة بيضة،؟ يمكن كاتبيها بالحبر السري؟,1,0
اخواني الأعزاء هذا البرنامج يشتغل في العراق وفي كل مكان بس من قبل الحكومه هسه حاليا بالعراق يشتغل يعطيكم تعويضات المحنه العامه,5,1
ميشتغل بالتحديث الجديد,1,0
عبالي بس اني ههههه ٥٦,1,0
هسه ماكو احد يفهنا شنو هذا المحفظه والفلوس الي بي شنو,5,1
مرحبا ممكن احد يفهمني هذا البرنامج شنو ؟ والفلوس الي بي حقيقيه لو برنامج هكر ؟,2,0
السلام عليكم . هذا البرنامج احد اشتغل عليه لو هكر ممكن الرد,1,0
حلو,5,1
كيف يتم عمل وكالة لأصحاب المكاتب و المنافذ على محفظة ناس واليت,5,1
Good,5,1
شنو نكتب برمز Mpin,1,0
بەس بەرنامه نیه 🥴,1,0
جيد,4,1
جميل,5,1
كوكيز,5,1
ممتار,5,1
يعني نوعا ما جئتك تطبيق,1,0
Kid,5,1
كذب لايعمل,1,0
Korek Iconnect هو برنامج موارد بشرية عبر الإنترنت لشركة Korek. Korek Iconnect هو برنامج موارد بشرية عبر الإنترنت لشركة Korek تجاوز حجم جداول البيانات. يتيح لك تطبيق Korek Iconnect أن تأخذ معك بعضًا من تلك الوظائف الأكثر أهمية ، ويجعل مهامك الأكثر شيوعًا في Iconnect بسيطة وسريعة.,5,1
شكرا جيد,5,1
لما لا تقبلون تحديث التطبيق كوراك تيلكوم. لأني اتحديت تطبيق لكي اقدر على تسجيل رقمي الجديد في التطبيق ة,2,0
افشل تطبيق...,1,0
التطبيق لايعمل يرجى حل المشكلة,1,0
شوف خليت مشان اعلق شركة خايسة وتطبيق خايس وانتوا زي الزفث,1,0
فاشل لايعمل,1,0
فاشل,1,0
Not working,1,0
واو,5,1
افشل تطبيق شفته بحياتي ولا يعمل رجاء لحد ينزله,1,0
التطبيق لا يعمل. اتوقع شخص ما قام بانشائه لا يعقل ان شركة كورك هي المنشئة للتطبيق.,1,0
تطبيق درجة اولى بالفشل مع الاسف,1,0
برنامج سى جدا ميستحق ولانجمه,1,0
اعتقد ان من من صمم التطببق متعمد افشال الشبكه,1,0
التطبيق فاشل ولا يعمل,1,0
تطبيع لا يعمل يرجٲ حل المشكله في بسرع وقت,1,0
زبالة,1,0
يحتاج الى تحديث,1,0
هل يعقل ان يكون هذا التطبيق يمثل شركة كورك للاتصالات .حقيقة انه لامر مخز جدا . انه لايعمل البته ..يا للخزي 😔,1,0
والله عيب على هيج برنامج فاشل,1,0
غير صالح,1,0
Good,5,1
فاشل فاشل فاشل جداااا نرجو المطورين الاهتمام بالبرنامج كونه برنامج رسمي,1,0
فيه اخطاء برمجية,1,0
تطبيق فاشل اعتذر على هذه الكلمه بس شسوي حشاك همه حيوانات,1,0
Very nice work,5,1
